cumulative_frequency	cumulative_node_frequency	count	text
0.1149	0.1149	30788415	i32
0.2048	0.2048	24103324	load
0.2803	0.2803	20257109	i64
0.3449	0.3449	17314169	i32*
0.4044	0.4044	15934693	br
0.4561	0.4561	13876677	struct*
0.5072	0.5072	13682322	getelementptr
0.5567	0.5567	13276502	i8*
0.5997	0.5997	11527124	call
0.6414	0.6414	11181850	store
0.6773	0.6773	9612417	i1
0.7077	0.7077	8167785	icmp
0.7299	0.7299	5951346	alloca
0.7516	0.7516	5799555	add
0.769	0.769	4671685	bitcast
0.7853	0.7853	4370546	phi
0.8003	0.8003	4017492	; undefined function
0.8143	0.8143	3754492	i8
0.8271	0.8271	3440923	i64*
0.8377	0.8377	2841475	sext
0.8471	0.8471	2515810	i8**
0.8557	0.8557	2290580	ret
0.863	0.863	1976483	zext
0.8702	0.8702	1907829	<4 x i32>
0.8772	0.8772	1878570	double
0.8823	0.8823	1368661	and
0.8864	0.8864	1119616	sub
0.8903	0.8903	1037735	double*
0.8938	0.8938	930463	trunc
0.8971	0.8971	877392	float
0.9001	0.9001	824837	i16*
0.903	0.903	765202	or
0.9055	0.9055	662538	i16
0.9079	0.9079	650242	i32**
0.9102	0.9102	626124	select
0.9125	0.9125	621776	mul
0.9148	0.9148	598486	xor
0.9167	0.9167	504054	float*
0.9184	0.9184	461157	<root>
0.92	0.92	435839	<4 x i32>*
0.9215	0.9215	412972	shl
0.923	0.923	402606	void (i8*)*
0.9245	0.9245	381331	lshr
0.9257	0.9257	318296	struct
0.9268	0.9268	298196	[100 x i32]*
0.9279	0.9279	295737	fmul
0.929	0.929	290414	srem
0.9299	0.9299	256274	extractelement
0.9309	0.9309	252465	i64**
0.9318	0.9318	241353	extractvalue
0.9326	0.9326	220300	i8 (%"class.std::ctype"*, i8)**
0.9334	0.9334	216405	shufflevector
0.9341	0.9341	205655	fadd
0.9349	0.9349	194313	sdiv
0.9356	0.9356	187948	fsub
0.9362	0.9362	180951	fcmp
0.9369	0.9369	179196	<2 x double>
0.9376	0.9376	177251	<4 x i1>
0.9382	0.9382	175817	%struct.list_head**
0.9389	0.9389	175528	unreachable
0.9395	0.9395	170881	[100 x i8]*
0.9402	0.9402	167788	ashr
0.9408	0.9408	165342	sitofp
0.9414	0.9414	160564	ptrtoint
0.9419	0.9419	150649	%struct.device**
0.9425	0.9425	147243	[5 x [5 x i32]]*
0.943	0.943	146280	switch
0.9436	0.9436	141678	i32***
0.9441	0.9441	140203	i8***
0.9446	0.9446	137883	i32 addrspace(1)*
0.9451	0.9451	133498	[100 x [100 x i32]]*
0.9456	0.9456	133054	double**
0.9461	0.9461	128337	[1000 x i32]*
0.9465	0.9465	125839	insertelement
0.947	0.947	124095	<4 x float>
0.9474	0.9474	116883	<16 x i8>
0.9478	0.9478	110912	%"class.std::ctype"**
0.9483	0.9483	110150	i8 (%"class.std::ctype"*, i8)***
0.9487	0.9487	109555	i16**
0.9491	0.9491	109296	fdiv
0.9494	0.9494	94294	%struct.sk_buff**
0.9498	0.9498	94059	[300 x i32]*
0.9501	0.9501	87023	invoke
0.9504	0.9504	83404	%struct.spinlock**
0.9507	0.9507	81736	<4 x i8>
0.951	0.951	78627	[26 x i32]*
0.9513	0.9513	78542	inttoptr
0.9516	0.9516	72722	urem
0.9518	0.9518	67907	<8 x i32>
0.9521	0.9521	67867	[101 x i8]*
0.9523	0.9523	65874	[1000 x i8]*
0.9526	0.9526	63175	<16 x i8>*
0.9528	0.9528	62246	%struct._IO_FILE**
0.953	0.953	60088	float addrspace(1)*
0.9532	0.9532	59060	landingpad
0.9535	0.9535	59029	%struct.atomic_t**
0.9537	0.9537	58978	[5 x i32]*
0.9539	0.9539	58212	[24 x i8]*
0.9541	0.9541	57905	<2 x i32>
0.9543	0.9543	57356	[10 x i32]*
0.9545	0.9545	56145	i31
0.9547	0.9547	55117	float**
0.9549	0.9549	53323	<8 x float>
0.9551	0.9551	52483	%struct.net_device**
0.9553	0.9553	50656	[500 x i32]*
0.9555	0.9555	48092	i1*
0.9557	0.9557	47767	[200 x i32]*
0.9559	0.9559	47631	<32 x i8>*
0.956	0.956	46403	[10000 x i32]*
0.9562	0.9562	46192	%swift.bridge**
0.9564	0.9564	46091	[1 x i8]*
0.9565	0.9565	45135	udiv
0.9567	0.9567	44816	%struct.task_struct**
0.9569	0.9569	44766	<4 x i8>*
0.957	0.957	44602	[6 x i32]*
0.9572	0.9572	44523	fpext
0.9574	0.9574	44416	[100 x double]*
0.9575	0.9575	43666	%swift.type**
0.9577	0.9577	43557	%struct.page**
0.9579	0.9579	43130	[4 x i32]*
0.958	0.958	43101	<16 x i1>
0.9582	0.9582	42898	%"class.std::__1::__tree_node_base"**
0.9583	0.9583	42767	%struct.inode**
0.9585	0.9585	42729	[9 x [9 x i32]]*
0.9587	0.9587	41589	%struct.student**
0.9588	0.9588	41220	i32 (...)***
0.959	0.959	41158	%struct.platform_device**
0.9591	0.9591	40837	%struct.rtx_def**
0.9593	0.9593	40761	insertvalue
0.9594	0.9594	39781	[101 x i32]*
0.9596	0.9596	39541	[16 x i32]*
0.9597	0.9597	38558	%"class.std::__1::basic_string"**
0.9599	0.9599	38553	%struct.lua_State**
0.96	0.96	38420	[20 x i32]*
0.9601	0.9601	38118	<2 x i64>
0.9603	0.9603	37650	[256 x i8]*
0.9604	0.9604	36977	<16 x i32>
0.9606	0.9606	36533	%"struct.tensorflow::Status::State"**
0.9607	0.9607	36122	%struct.pci_dev**
0.9608	0.9608	35297	<4 x i64>
0.961	0.961	34589	%struct.jpeg_decompress_struct**
0.9611	0.9611	34531	[100000 x i32]*
0.9612	0.9612	34428	[100 x [100 x i8]]*
0.9613	0.9613	34177	i16***
0.9615	0.9615	33851	i64***
0.9616	0.9616	33447	[12 x i32]*
0.9617	0.9617	33241	[300 x i8]*
0.9618	0.9618	33020	[50 x i8]*
0.962	0.962	32874	fptosi
0.9621	0.9621	32603	[500 x i8]*
0.9622	0.9622	31983	<2 x float>
0.9623	0.9623	31700	[8 x i32]*
0.9624	0.9624	30873	[20 x i8]*
0.9625	0.9625	30356	[13 x i32]*
0.9627	0.9627	29407	[20 x [20 x i32]]*
0.9628	0.9628	29102	[32 x i8]*
0.9629	0.9629	28978	%struct.i2c_client**
0.963	0.963	28760	[2 x i32]*
0.9631	0.9631	28322	<8 x i32>*
0.9632	0.9632	27817	<4 x double>
0.9633	0.9633	27258	[1 x i64]*
0.9634	0.9634	26715	%"class.std::__1::__tree_end_node"**
0.9635	0.9635	26711	<32 x i8>
0.9636	0.9636	26636	%struct.sock**
0.9637	0.9637	26536	i32 addrspace(3)*
0.9638	0.9638	25968	[101 x [101 x i32]]*
0.9639	0.9639	25772	[3 x i32]*
0.964	0.964	25532	%struct.radeon_device**
0.9641	0.9641	25516	<2 x i64>*
0.9642	0.9642	25321	[11 x [11 x i32]]*
0.9643	0.9643	25204	[6 x i8]*
0.9644	0.9644	25073	[80 x i8]*
0.9644	0.9644	24761	[200 x i8]*
0.9645	0.9645	24111	<2 x double>*
0.9646	0.9646	23997	[4 x i8]*
0.9647	0.9647	23888	%union.tree_node**
0.9648	0.9648	23506	%struct.jpeg_compress_struct**
0.9649	0.9649	23273	[16 x i8]*
0.965	0.965	22504	[501 x i8]*
0.9651	0.9651	22429	%struct.tracepoint_func**
0.9651	0.9651	21809	i32****
0.9652	0.9652	21704	%struct.device_node**
0.9653	0.9653	21572	[5 x double]*
0.9654	0.9654	21294	[50 x i32]*
0.9655	0.9655	21219	[8 x [8 x i32]]*
0.9655	0.9655	21193	%struct.clk**
0.9656	0.9656	21064	%"class.std::basic_ostream"* (%"class.std::basic_ostream"*)*
0.9657	0.9657	20978	[25 x i32]*
0.9658	0.9658	20661	[10 x i8]*
0.9658	0.9658	20555	[10000 x i8]*
0.9659	0.9659	20119	%struct.file**
0.966	0.966	20042	%struct.S0**
0.9661	0.9661	19827	%struct.node**
0.9661	0.9661	19535	[3 x i8]*
0.9662	0.9662	19450	[1 x i32]*
0.9663	0.9663	19216	[6 x [6 x i32]]*
0.9664	0.9664	19196	[50000 x i32]*
0.9664	0.9664	19173	[8 x i8]*
0.9665	0.9665	18748	[11 x i32]*
0.9666	0.9666	18577	resume
0.9666	0.9666	18568	double addrspace(1)*
0.9667	0.9667	18522	[1001 x i32]*
0.9668	0.9668	18195	%struct.lua_TValue**
0.9668	0.9668	18083	[10 x [10 x i32]]*
0.9669	0.9669	18082	%struct.drm_i915_private**
0.967	0.967	18071	<4 x i64>*
0.967	0.967	18003	float addrspace(3)*
0.9671	0.9671	17931	i8 addrspace(1)*
0.9672	0.9672	17570	[30 x i32]*
0.9672	0.9672	17554	[301 x i32]*
0.9673	0.9673	17436	%"class.std::__1::basic_ostream"**
0.9674	0.9674	17159	<8 x float>*
0.9674	0.9674	16781	%struct.dentry**
0.9675	0.9675	16701	%"class.google::protobuf::Arena"**
0.9676	0.9676	16508	[1 x i16]*
0.9676	0.9676	16363	<16 x i16>
0.9677	0.9677	16096	%struct.super_block**
0.9677	0.9677	16081	%struct.regmap**
0.9678	0.9678	15923	[9 x i32]*
0.9679	0.9679	15893	i8****
0.9679	0.9679	15693	%struct.hlist_node**
0.968	0.968	15652	[20000 x i32]*
0.968	0.968	15120	%struct.mrb_state**
0.9681	0.9681	14822	[40 x double]*
0.9681	0.9681	14779	<8 x i16>
0.9682	0.9682	14645	[5 x i8]*
0.9683	0.9683	14468	[1000 x double]*
0.9683	0.9683	14467	%struct.drm_device**
0.9684	0.9684	14390	<3 x float>
0.9684	0.9684	14359	%struct.nlattr**
0.9685	0.9685	14134	%struct.snd_soc_component**
0.9685	0.9685	14051	[81 x i8]*
0.9686	0.9686	14018	<8 x i8>
0.9686	0.9686	13976	%struct.rb_node**
0.9687	0.9687	13954	%"class.tensorflow::Tensor"**
0.9687	0.9687	13822	i64****
0.9688	0.9688	13770	i128
0.9688	0.9688	13671	fptrunc
0.9689	0.9689	13668	uitofp
0.9689	0.9689	13505	%struct.buffer_head**
0.969	0.969	12928	[110 x i8]*
0.969	0.969	12733	%struct.stu**
0.9691	0.9691	12367	%struct.seq_file**
0.9691	0.9691	12289	%struct.jpeg_component_info**
0.9692	0.9692	12288	[100 x %struct.student]*
0.9692	0.9692	12192	%struct.iio_dev**
0.9693	0.9693	12130	<4 x float>*
0.9693	0.9693	11917	%struct.net**
0.9693	0.9693	11874	[64 x i8]*
0.9694	0.9694	11853	i8* (%"class.tensorflow::TensorBuffer"*)**
0.9694	0.9694	11837	[250 x i8]*
0.9695	0.9695	11660	[30 x i8]*
0.9695	0.9695	11603	%struct.input_dev**
0.9696	0.9696	11503	[10 x double]*
0.9696	0.9696	11482	<2 x i32>*
0.9696	0.9696	11469	i16****
0.9697	0.9697	11400	%struct.dma_map_ops**
0.9697	0.9697	11395	%struct.jpeg_error_mgr**
0.9698	0.9698	11341	[10 x float]*
0.9698	0.9698	11331	%struct.bignum_st**
0.9699	0.9699	11264	%struct.scatterlist**
0.9699	0.9699	11246	[16 x i64]*
0.9699	0.9699	11221	[100 x float]*
0.97	0.97	11218	[251 x i8]*
0.97	0.97	11122	[100000 x i8]*
0.9701	0.9701	11118	%struct.internal_state**
0.9701	0.9701	11078	[100000 x %struct.student]*
0.9701	0.9701	10988	%struct.scsi_qla_host**
0.9702	0.9702	10617	%struct.lpfc_hba**
0.9702	0.9702	10571	%struct.ath_hw**
0.9703	0.9703	10491	%struct.resource**
0.9703	0.9703	10486	%struct.IsdnCardState**
0.9703	0.9703	10396	%"struct.std::__1::__hash_node_base"**
0.9704	0.9704	10391	i32 (...)**
0.9704	0.9704	10287	<16 x i64>
0.9705	0.9705	10167	[11 x i8]*
0.9705	0.9705	10148	%"class.tensorflow::Node"**
0.9705	0.9705	10147	[40 x i8]*
0.9706	0.9706	10070	%struct.comedi_device**
0.9706	0.9706	10036	[1000 x [1000 x i32]]*
0.9706	0.9706	10012	[102 x [102 x i8]]*
0.9707	0.9707	10010	%"class.google::protobuf::FieldDescriptor"**
0.9707	0.9707	10002	[101 x [101 x i8]]*
0.9708	0.9708	9984	void (%"class.std::__1::__function::__base"*)**
0.9708	0.9708	9834	%Ts28__ContiguousArrayStorageBaseC**
0.9708	0.9708	9705	[400 x i32]*
0.9709	0.9709	9614	%swift.refcounted**
0.9709	0.9709	9607	%struct.cJSON**
0.9709	0.9709	9603	[1 x %union.rtunion_def]*
0.971	0.971	9600	[501 x i32]*
0.971	0.971	9524	%struct.atomic64_t**
0.971	0.971	9475	[1001 x i8]*
0.9711	0.9711	9445	%struct.UNIT**
0.9711	0.9711	9427	i24
0.9712	0.9712	9411	[256 x i32]*
0.9712	0.9712	9380	[110 x i32]*
0.9712	0.9712	9357	%struct.png_struct_def**
0.9713	0.9713	9309	[52 x i32]*
0.9713	0.9713	9308	%"struct.google::protobuf::internal::RepeatedPtrFieldBase::Rep"**
0.9713	0.9713	9209	[102 x i8]*
0.9714	0.9714	9153	%struct.urb**
0.9714	0.9714	9144	[3 x double]*
0.9714	0.9714	9064	%struct.jit_State**
0.9715	0.9715	9037	[15 x i32]*
0.9715	0.9715	9036	[27 x i32]*
0.9715	0.9715	8994	[8 x i64]*
0.9716	0.9716	8883	%struct.spi_device**
0.9716	0.9716	8657	[260 x i8]*
0.9716	0.9716	8648	%struct.UT_hash_table**
0.9717	0.9717	8595	%struct.scsi_cmnd**
0.9717	0.9717	8539	[40 x float]*
0.9717	0.9717	8533	%struct.bio_st**
0.9718	0.9718	8423	[21 x i8]*
0.9718	0.9718	8419	%"class.tensorflow::TensorBuffer"**
0.9718	0.9718	8390	%"class.tensorflow::shape_inference::Dimension"**
0.9718	0.9718	8293	%union.U0**
0.9719	0.9719	8154	[50 x double]*
0.9719	0.9719	8135	%struct.Node**
0.9719	0.9719	8061	<16 x i32>*
0.972	0.972	8056	%struct.UT_hash_handle**
0.972	0.972	8013	[126 x %struct.STRING]*
0.972	0.972	8005	%struct.pt_regs**
0.9721	0.9721	7873	<8 x i64>
0.9721	0.9721	7870	[26 x i8]*
0.9721	0.9721	7848	%struct.usb_device**
0.9721	0.9721	7832	%struct.qed_hwfn**
0.9722	0.9722	7790	<4 x i16>
0.9722	0.9722	7753	[2 x i8]*
0.9722	0.9722	7742	[128 x i8]*
0.9723	0.9723	7736	[2 x i64]*
0.9723	0.9723	7691	%struct.hci_dev**
0.9723	0.9723	7515	%struct.pi_adapter**
0.9723	0.9723	7501	%union.U1**
0.9724	0.9724	7473	[4 x double]*
0.9724	0.9724	7374	[7 x i8]*
0.9724	0.9724	7362	[10 x [3 x i32]]*
0.9725	0.9725	7352	[110 x [110 x i32]]*
0.9725	0.9725	7348	[15 x i8]*
0.9725	0.9725	7336	[64 x i32]*
0.9725	0.9725	7312	[2 x double]*
0.9726	0.9726	7266	%"class.std::__1::__function::__base"**
0.9726	0.9726	7265	%struct.raw_spinlock**
0.9726	0.9726	7258	<4 x double>*
0.9726	0.9726	7256	[32 x i32]*
0.9727	0.9727	7228	%struct.qla_hw_data**
0.9727	0.9727	7215	<8 x i8>*
0.9727	0.9727	7204	%struct.comedi_subdevice**
0.9728	0.9728	7203	<2 x i8>
0.9728	0.9728	7202	x86_fp80
0.9728	0.9728	7146	[21 x [21 x i32]]*
0.9728	0.9728	7145	[512 x i8]*
0.9729	0.9729	7144	[300 x float]*
0.9729	0.9729	7143	%struct.S0***
0.9729	0.9729	7037	%struct.ubifs_info**
0.9729	0.9729	7028	%struct.example_user_t**
0.973	0.973	6972	[21 x i32]*
0.973	0.973	6900	[4 x float]*
0.973	0.973	6845	<4 x float> addrspace(1)*
0.973	0.973	6829	<16 x i16>*
0.9731	0.9731	6790	%struct.bio**
0.9731	0.9731	6737	[100001 x i32]*
0.9731	0.9731	6721	%"class.tensorflow::NodeDef"**
0.9731	0.9731	6713	%struct.fb_info**
0.9732	0.9732	6677	%struct._LIST_ENTRY**
0.9732	0.9732	6668	[251 x i32]*
0.9732	0.9732	6634	%struct.v4l2_subdev**
0.9732	0.9732	6612	%struct.k0**
0.9733	0.9733	6588	%union.U1***
0.9733	0.9733	6582	[100 x [10 x i8]]*
0.9733	0.9733	6568	%"struct.std::__1::pair"**
0.9733	0.9733	6522	[200 x [200 x i32]]*
0.9734	0.9734	6488	double***
0.9734	0.9734	6486	%struct.e1000_hw**
0.9734	0.9734	6481	%struct.work_struct**
0.9734	0.9734	6454	%struct.uart_port**
0.9735	0.9735	6444	[2000 x i32]*
0.9735	0.9735	6434	%struct.snd_pcm_substream**
0.9735	0.9735	6417	[3216 x i32]*
0.9735	0.9735	6402	[60 x i32]*
0.9736	0.9736	6398	%struct.ieee80211_sub_if_data**
0.9736	0.9736	6395	i64 addrspace(1)*
0.9736	0.9736	6388	%"class.google::protobuf::MapPair"**
0.9736	0.9736	6372	%struct.b43_wldev**
0.9737	0.9737	6358	[105 x i8]*
0.9737	0.9737	6268	<2 x i16>
0.9737	0.9737	6260	<2 x i1>
0.9737	0.9737	6247	void ()**
0.9737	0.9737	6243	%struct.extent_buffer**
0.9738	0.9738	6239	[128 x i32]*
0.9738	0.9738	6204	%struct.Scsi_Host**
0.9738	0.9738	6192	%struct.ath10k**
0.9738	0.9738	6159	%struct.SYMBOL**
0.9739	0.9739	6157	%struct.dma_chan**
0.9739	0.9739	6086	%swift.error**
0.9739	0.9739	5958	%struct.DState**
0.9739	0.9739	5931	%struct.trace_event_call**
0.9739	0.9739	5927	[102 x i32]*
0.974	0.974	5916	%struct.hda_codec**
0.974	0.974	5913	i8* (%"class.tensorflow::TensorBuffer"*)*
0.974	0.974	5904	%struct.cpBody**
0.974	0.974	5881	[6 x double]*
0.9741	0.9741	5872	[255 x i8]*
0.9741	0.9741	5840	i32 addrspace(4)*
0.9741	0.9741	5818	%struct.lpfc_vport**
0.9741	0.9741	5803	[31 x i8]*
0.9741	0.9741	5771	%struct.adapter**
0.9742	0.9742	5756	%struct.SiS_Private**
0.9742	0.9742	5753	%"class.tensorflow::Node"***
0.9742	0.9742	5716	i32*****
0.9742	0.9742	5603	%struct.snd_soc_dai**
0.9743	0.9743	5596	%struct.UT_array**
0.9743	0.9743	5588	[300 x double]*
0.9743	0.9743	5583	%struct.device_attribute**
0.9743	0.9743	5561	[100 x [2 x i32]]*
0.9743	0.9743	5524	[252 x i8]*
0.9744	0.9744	5505	[201 x i32]*
0.9744	0.9744	5502	%struct.kobject**
0.9744	0.9744	5490	%struct.vm_area_struct**
0.9744	0.9744	5474	[7 x i32]*
0.9744	0.9744	5461	[14 x i8]*
0.9745	0.9745	5444	%union.U2***
0.9745	0.9745	5403	%"class.std::__1::__tree_node"**
0.9745	0.9745	5389	[250 x i32]*
0.9745	0.9745	5375	<8 x i1>
0.9745	0.9745	5334	%struct.request**
0.9746	0.9746	5305	[1024 x i8]*
0.9746	0.9746	5304	[105 x i32]*
0.9746	0.9746	5292	i64 (%"class.std::__1::basic_streambuf"*, i8*, i64)**
0.9746	0.9746	5285	%struct.snd_kcontrol**
0.9746	0.9746	5257	%struct.i2c_adapter**
0.9747	0.9747	5230	[100 x [20 x i8]]*
0.9747	0.9747	5222	[110 x [110 x i8]]*
0.9747	0.9747	5205	%struct.hbucket**
0.9747	0.9747	5200	[600 x i8]*
0.9747	0.9747	5196	%struct.drm_display_mode**
0.9748	0.9748	5187	%struct.drm_crtc**
0.9748	0.9748	5163	%struct.mtd_info**
0.9748	0.9748	5140	[100 x %struct.patient]*
0.9748	0.9748	5138	%union.U2**
0.9748	0.9748	5130	<8 x i16>*
0.9748	0.9748	5119	%struct.z_stream_s**
0.9749	0.9749	5077	[4 x i64]*
0.9749	0.9749	5021	%struct.static_key**
0.9749	0.9749	5010	%struct.snd_pcm_hw_params**
0.9749	0.9749	5008	void (%"class.std::__1::__function::__base"*)***
0.9749	0.9749	4996	%struct.refcount_struct**
0.975	0.975	4992	void (%"class.std::__1::__function::__base"*)*
0.975	0.975	4902	[33 x i8]*
0.975	0.975	4819	[2000 x i8]*
0.975	0.975	4766	[5 x [5 x double]]*
0.975	0.975	4757	%struct.qlcnic_adapter**
0.9751	0.9751	4746	[25 x [25 x i32]]*
0.9751	0.9751	4724	[1 x %struct.__va_list_tag]*
0.9751	0.9751	4722	[50 x [100 x i8]]*
0.9751	0.9751	4721	%struct.RClass**
0.9751	0.9751	4720	%union.TValue**
0.9751	0.9751	4715	%struct.Qdisc**
0.9752	0.9752	4697	%struct.f2fs_sb_info**
0.9752	0.9752	4692	%struct.workqueue_struct**
0.9752	0.9752	4667	<2 x float>*
0.9752	0.9752	4664	[1005 x i32]*
0.9752	0.9752	4660	void (i8*)**
0.9752	0.9752	4618	[200 x [200 x i8]]*
0.9753	0.9753	4614	%"struct.Eigen::ThreadPoolDevice"**
0.9753	0.9753	4562	atomicrmw
0.9753	0.9753	4559	[100 x %struct.anon]*
0.9753	0.9753	4544	%struct.usb_interface**
0.9753	0.9753	4514	%struct.tty_struct**
0.9753	0.9753	4478	i32 (i32, i8*)*
0.9754	0.9754	4472	[40 x i32]*
0.9754	0.9754	4465	%struct.global_State**
0.9754	0.9754	4452	[20001 x i32]*
0.9754	0.9754	4451	%struct.address_space**
0.9754	0.9754	4436	[30 x [30 x i32]]*
0.9754	0.9754	4431	%"struct.re2::WalkState"**
0.9755	0.9755	4412	%struct.ieee80211_local**
0.9755	0.9755	4385	[301 x i8]*
0.9755	0.9755	4377	%struct.Domain_s**
0.9755	0.9755	4370	%"class.google::protobuf::Descriptor"**
0.9755	0.9755	4341	[2 x float]*
0.9755	0.9755	4333	%struct._u8g_t**
0.9756	0.9756	4332	i16*****
0.9756	0.9756	4320	x86_fp80*
0.9756	0.9756	4313	%struct.mm_struct**
0.9756	0.9756	4290	[50 x [20 x i8]]*
0.9756	0.9756	4281	%"class.std::__1::vector"**
0.9756	0.9756	4262	[50000 x [2 x i32]]*
0.9757	0.9757	4258	[64 x i16]**
0.9757	0.9757	4257	%struct.sk_buff_head**
0.9757	0.9757	4227	%struct.clk_hw**
0.9757	0.9757	4220	%struct.drm_connector**
0.9757	0.9757	4212	%struct.UT_hash_bucket**
0.9757	0.9757	4201	%struct.ip_set**
0.9757	0.9757	4194	[1000 x [256 x i8]]*
0.9758	0.9758	4174	%struct.acpi_device**
0.9758	0.9758	4170	[64 x i16]*
0.9758	0.9758	4096	[32 x i32] addrspace(1)*
0.9758	0.9758	4095	%struct.rhash_head**
0.9758	0.9758	4063	<2 x i8>*
0.9758	0.9758	4059	%struct.BCState**
0.9759	0.9759	4035	i64 addrspace(3)*
0.9759	0.9759	4026	%struct.nlattr***
0.9759	0.9759	4023	[100 x [2 x double]]*
0.9759	0.9759	4010	[10000 x double]*
0.9759	0.9759	4006	[126 x %struct.STRING]**
0.9759	0.9759	3967	%struct.jpeg_source_mgr**
0.9759	0.9759	3964	%struct._PLCI**
0.976	0.976	3938	[1000 x [1000 x i8]]*
0.976	0.976	3908	[50 x [50 x i8]]*
0.976	0.976	3889	[10001 x i32]*
0.976	0.976	3880	<4 x i16>*
0.976	0.976	3873	%struct.hid_device**
0.976	0.976	3862	%struct.ixgbe_hw**
0.976	0.976	3852	[5000 x i32]*
0.9761	0.9761	3851	%struct.xgbe_prv_data**
0.9761	0.9761	3840	%struct.mmc_host**
0.9761	0.9761	3839	<16 x i64>*
0.9761	0.9761	3831	[0 x i8]*
0.9761	0.9761	3829	[12 x i8]*
0.9761	0.9761	3824	%struct.btrfs_root**
0.9761	0.9761	3818	[500 x [5 x i8]]*
0.9762	0.9762	3817	[600 x i32]*
0.9762	0.9762	3807	[3 x float]*
0.9762	0.9762	3801	%union.acpi_operand_object**
0.9762	0.9762	3796	i3
0.9762	0.9762	3790	[105 x [105 x i32]]*
0.9762	0.9762	3775	%struct.cred**
0.9762	0.9762	3754	%struct.S0****
0.9763	0.9763	3712	%struct.book**
0.9763	0.9763	3696	[5 x double] addrspace(1)*
0.9763	0.9763	3684	%struct.snd_pcm_runtime**
0.9763	0.9763	3656	%union.IRIns**
0.9763	0.9763	3653	%struct._mbfl_convert_filter**
0.9763	0.9763	3647	%struct.spi_controller**
0.9763	0.9763	3644	[201 x i8]*
0.9764	0.9764	3641	%struct.gpio_desc**
0.9764	0.9764	3629	[51 x i8]*
0.9764	0.9764	3603	[1000 x float]*
0.9764	0.9764	3581	%struct.scsi_device**
0.9764	0.9764	3569	%struct.FuncState**
0.9764	0.9764	3565	void (%struct.jpeg_common_struct*)**
0.9764	0.9764	3553	%struct.socket**
0.9764	0.9764	3551	%struct.phy_device**
0.9765	0.9765	3550	%struct.v4l2_ctrl**
0.9765	0.9765	3548	%struct.cellbox**
0.9765	0.9765	3529	void (%struct.jpeg_common_struct*)*
0.9765	0.9765	3524	%struct.bnxt**
0.9765	0.9765	3495	%struct.pbuf**
0.9765	0.9765	3479	%struct.trace_iterator**
0.9765	0.9765	3465	%"class.std::__1::unique_ptr"**
0.9766	0.9766	3456	%struct.trace_seq**
0.9766	0.9766	3440	%struct.drm_encoder**
0.9766	0.9766	3432	%"class.tensorflow::NodeDef"***
0.9766	0.9766	3422	[22 x i32]*
0.9766	0.9766	3405	[48 x i8]*
0.9766	0.9766	3392	fptoui
0.9766	0.9766	3389	%"struct.std::__1::__hash_node_base"***
0.9766	0.9766	3388	%struct._Node**
0.9767	0.9767	3387	<2 x i16>*
0.9767	0.9767	3382	%struct.rvt_qp**
0.9767	0.9767	3380	%struct.ata_port**
0.9767	0.9767	3368	%union.U0***
0.9767	0.9767	3367	%struct.btrfs_path**
0.9767	0.9767	3366	%struct.u8x8_struct**
0.9767	0.9767	3365	%struct.regulator_dev**
0.9767	0.9767	3317	%struct.sta_info**
0.9768	0.9768	3301	%struct.Table**
0.9768	0.9768	3294	%struct._u8g_dev_t**
0.9768	0.9768	3290	[150 x i32]*
0.9768	0.9768	3278	[505 x i8]*
0.9768	0.9768	3267	i8 addrspace(4)*
0.9768	0.9768	3265	%struct.kbnode_t**
0.9768	0.9768	3249	%struct.nand_chip**
0.9768	0.9768	3239	%struct.spi_transfer**
0.9769	0.9769	3223	%struct.dst_entry**
0.9769	0.9769	3208	%struct.yaml_emitter_s**
0.9769	0.9769	3199	%struct.mbedtls_mpi**
0.9769	0.9769	3192	i32 (i32, i8*)**
0.9769	0.9769	3188	%struct.iio_chan_spec**
0.9769	0.9769	3162	%struct.rtc_time**
0.9769	0.9769	3161	%struct.efx_nic**
0.9769	0.9769	3149	%struct.msa_struct**
0.9769	0.9769	3136	[13 x i8]*
0.977	0.977	3133	%struct.bucket_table**
0.977	0.977	3129	%struct.snd_ctl_elem_value**
0.977	0.977	3123	%"class.tensorflow::shape_inference::Dimension"***
0.977	0.977	3115	%swift.opaque* (%swift.opaque*, %swift.opaque*, %swift.type*)*
0.977	0.977	3114	[1002 x i32]*
0.977	0.977	3106	{}**
0.977	0.977	3102	float***
0.977	0.977	3088	<16 x float>
0.9771	0.9771	3082	%struct.htable**
0.9771	0.9771	3081	[100 x i32]**
0.9771	0.9771	3080	%struct.wl1271**
0.9771	0.9771	3079	%"class.tensorflow::shape_inference::Shape"**
0.9771	0.9771	3074	<8 x i64>*
0.9771	0.9771	3072	%struct.cpumask**
0.9771	0.9771	3068	[1000 x %struct.book]*
0.9771	0.9771	3066	[27 x i8]*
0.9771	0.9771	3060	%"struct.tensorflow::QueueBase::Attempt"**
0.9772	0.9772	3059	%struct.dma_async_tx_descriptor**
0.9772	0.9772	3045	%struct.gpio_chip**
0.9772	0.9772	3042	%struct.xdr_stream**
0.9772	0.9772	3041	%struct.pci_bus**
0.9772	0.9772	3038	[100 x %struct.stu]*
0.9772	0.9772	3026	[5000 x i8]*
0.9772	0.9772	3023	[150 x i8]*
0.9772	0.9772	3007	%struct.lpfc_nodelist**
0.9772	0.9772	2982	%struct.bignum_ctx**
0.9773	0.9773	2968	%struct.gz_state**
0.9773	0.9773	2964	[5 x [9 x [9 x i32]]]*
0.9773	0.9773	2960	%struct.fb_var_screeninfo**
0.9773	0.9773	2949	<4 x i32> addrspace(1)*
0.9773	0.9773	2946	i8*****
0.9773	0.9773	2937	%struct.block_device**
0.9773	0.9773	2927	%struct.usb_serial_port**
0.9773	0.9773	2899	%struct.rtsx_chip**
0.9773	0.9773	2898	%struct.data**
0.9774	0.9774	2894	[100001 x i8]*
0.9774	0.9774	2893	[255 x i32]*
0.9774	0.9774	2888	%struct.expdesc**
0.9774	0.9774	2884	float addrspace(4)*
0.9774	0.9774	2863	%struct.GPU_Target**
0.9774	0.9774	2854	[100 x [100 x double]]*
0.9774	0.9774	2844	[5 x [11 x [11 x i32]]]*
0.9774	0.9774	2830	%struct.rtllib_device**
0.9774	0.9774	2827	[999 x i32]*
0.9775	0.9775	2818	[100 x [6 x i32]]*
0.9775	0.9775	2815	[1000000 x i32]*
0.9775	0.9775	2814	[3000 x i8]*
0.9775	0.9775	2810	[13 x [13 x [5 x double]]] addrspace(1)*
0.9775	0.9775	2804	void (%swift.opaque*, %swift.type*)*
0.9775	0.9775	2802	[310 x i32]*
0.9775	0.9775	2800	%union.U3***
0.9775	0.9775	2796	%struct.fwnode_handle**
0.9775	0.9775	2792	%struct.drm_plane**
0.9775	0.9775	2789	%struct.SDL_Renderer**
0.9776	0.9776	2788	%struct.ieee80211_hw**
0.9776	0.9776	2776	%struct.crypto_tfm**
0.9776	0.9776	2775	%struct.Student**
0.9776	0.9776	2771	void (...)*
0.9776	0.9776	2768	%struct.ufs_hba**
0.9776	0.9776	2764	%union.U3**
0.9776	0.9776	2762	void (...)**
0.9776	0.9776	2756	%struct.nlmsghdr**
0.9776	0.9776	2755	%struct.in6_addr**
0.9776	0.9776	2730	%struct.completion**
0.9777	0.9777	2725	%struct.gendisk**
0.9777	0.9777	2719	%struct.ec_group_st**
0.9777	0.9777	2716	%struct.octeon_device**
0.9777	0.9777	2714	%struct.crypto_skcipher**
0.9777	0.9777	2708	%struct.ath_softc**
0.9777	0.9777	2704	[50001 x i32]*
0.9777	0.9777	2692	%struct.S1**
0.9777	0.9777	2691	<32 x i32>
0.9777	0.9777	2688	[100 x [100 x [100 x i32]]]*
0.9777	0.9777	2684	%struct.S1***
0.9778	0.9778	2674	[25 x i64]*
0.9778	0.9778	2670	%struct.jvirt_barray_control**
0.9778	0.9778	2669	%struct.tiff**
0.9778	0.9778	2668	%struct.aead_request**
0.9778	0.9778	2667	%struct.tcp_sock**
0.9778	0.9778	2666	%struct.page***
0.9778	0.9778	2652	%"struct.__gnu_cxx::__ops::_Iter_less_iter"**
0.9778	0.9778	2646	i64 (%"class.std::__1::basic_streambuf"*, i8*, i64)***
0.9778	0.9778	2641	%struct.lang_str_ele**
0.9778	0.9778	2631	i24*
0.9779	0.9779	2628	%struct.firmware**
0.9779	0.9779	2622	%struct.xfrm_state**
0.9779	0.9779	2619	%struct.snd_soc_pcm_runtime**
0.9779	0.9779	2618	%struct.r8192_priv**
0.9779	0.9779	2613	%struct.Proto**
0.9779	0.9779	2609	%struct.trace_event_file**
0.9779	0.9779	2608	[45 x double]*
0.9779	0.9779	2602	%union.GCObject**
0.9779	0.9779	2593	[260 x i32]*
0.9779	0.9779	2587	%struct.pm8001_hba_info**
0.978	0.978	2582	[50 x float]*
0.978	0.978	2578	%struct.PStack**
0.978	0.978	2577	%struct.omap_dss_device**
0.978	0.978	2576	i40
0.978	0.978	2552	[100 x %struct.point]*
0.978	0.978	2541	%struct.bpf_prog**
0.978	0.978	2539	%struct.config_item**
0.978	0.978	2533	%struct.cpShape**
0.978	0.978	2532	[20 x double]*
0.978	0.978	2526	%struct.spi_message**
0.978	0.978	2511	[64 x i64]*
0.9781	0.9781	2503	i128*
0.9781	0.9781	2485	%struct.jx9_value**
0.9781	0.9781	2480	[100 x [101 x i8]]*
0.9781	0.9781	2474	[99 x i32]*
0.9781	0.9781	2467	%struct.kmem_cache**
0.9781	0.9781	2465	%struct.snd_card**
0.9781	0.9781	2461	%struct.tilebox**
0.9781	0.9781	2460	%struct.DEVICE**
0.9781	0.9781	2455	%struct.mpc_parser_t**
0.9781	0.9781	2453	%struct.GCObject**
0.9782	0.9782	2451	%struct.netdev_queue**
0.9782	0.9782	2450	%struct.drm_plane_state**
0.9782	0.9782	2441	%struct.kref**
0.9782	0.9782	2434	%struct.hci_conn**
0.9782	0.9782	2430	[510 x i8]*
0.9782	0.9782	2425	%struct.drm_framebuffer**
0.9782	0.9782	2424	%struct.skcipher_request**
0.9782	0.9782	2419	[9 x double]*
0.9782	0.9782	2414	%struct.dwc2_hsotg**
0.9782	0.9782	2411	%struct.vivid_dev**
0.9782	0.9782	2394	[5 x [5 x double]] addrspace(1)*
0.9783	0.9783	2392	%struct.snd_soc_dapm_widget**
0.9783	0.9783	2376	[120 x i8]*
0.9783	0.9783	2372	[2 x i16]*
0.9783	0.9783	2371	[80 x i32]*
0.9783	0.9783	2366	%struct.v4l2_mbus_framefmt**
0.9783	0.9783	2364	%struct.snd_ice1712**
0.9783	0.9783	2355	i16 addrspace(1)*
0.9783	0.9783	2349	[1000 x [2 x i32]]*
0.9783	0.9783	2348	[120 x i32]*
0.9783	0.9783	2343	%struct.CTState**
0.9783	0.9783	2339	[5 x double]**
0.9783	0.9783	2337	[16 x float]*
0.9784	0.9784	2333	%struct.cpSpace**
0.9784	0.9784	2332	%struct.js_State**
0.9784	0.9784	2330	%struct.netlink_ext_ack**
0.9784	0.9784	2324	%struct.vnt_private**
0.9784	0.9784	2322	[41 x i8]*
0.9784	0.9784	2316	[4 x [256 x i32]]*
0.9784	0.9784	2310	%"struct.toco::Operator"**
0.9784	0.9784	2304	%struct.sph_keccak_context**
0.9784	0.9784	2299	%struct.usb_hcd**
0.9784	0.9784	2298	%struct.fbtft_par**
0.9784	0.9784	2295	void (i8*, i32)**
0.9785	0.9785	2287	[502 x i8]*
0.9785	0.9785	2282	i8* (i8*)*
0.9785	0.9785	2280	%struct.phy**
0.9785	0.9785	2279	i32 addrspace(1)**
0.9785	0.9785	2272	[999 x %struct.book]*
0.9785	0.9785	2269	[103 x [5 x double]]*
0.9785	0.9785	2268	%struct.png_info_struct**
0.9785	0.9785	2267	%struct.crypto_aead**
0.9785	0.9785	2265	%struct.re_pattern_buffer**
0.9785	0.9785	2262	[500 x [6 x i8]]*
0.9785	0.9785	2259	<2 x float> addrspace(1)*
0.9785	0.9785	2257	%struct.inet6_dev**
0.9786	0.9786	2255	%struct.buf**
0.9786	0.9786	2245	%struct.LexState**
0.9786	0.9786	2234	%struct.mt76x2_dev**
0.9786	0.9786	2232	%struct.se_cmd**
0.9786	0.9786	2229	%struct.item**
0.9786	0.9786	2225	%struct.SDL_Surface**
0.9786	0.9786	2222	[500 x double]*
0.9786	0.9786	2211	%"class.std::__1::complex"**
0.9786	0.9786	2208	%struct.bfa_s**
0.9786	0.9786	2206	i8* (i8*)**
0.9786	0.9786	2192	%struct.jpeg_common_struct**
0.9786	0.9786	2185	%struct.iscsi_conn**
0.9787	0.9787	2179	%struct.drbd_device**
0.9787	0.9787	2175	[3 x [5 x [5 x double]]] addrspace(1)*
0.9787	0.9787	2173	%struct.domain_device**
0.9787	0.9787	2169	%struct.LodePNGColorMode**
0.9787	0.9787	2168	%struct.i40e_hw**
0.9787	0.9787	2164	%struct.i2c_msg**
0.9787	0.9787	2162	%struct.ef4_nic**
0.9787	0.9787	2157	%struct.TValue**
0.9787	0.9787	2143	%"class.tensorflow::Edge"**
0.9787	0.9787	2137	%struct.jpeg_memory_mgr**
0.9787	0.9787	2134	%struct.monkey**
0.9787	0.9787	2127	%struct.fc_lport**
0.9787	0.9787	2124	%struct.CType**
0.9788	0.9788	2116	[100 x [21 x i8]]*
0.9788	0.9788	2114	%struct.drm_i915_gem_object**
0.9788	0.9788	2113	%struct.json_value_t**
0.9788	0.9788	2111	%struct.bus_type**
0.9788	0.9788	2109	%struct.rhashtable**
0.9788	0.9788	2108	i8 (%"class.std::__1::ctype"*, i8)**
0.9788	0.9788	2107	[5 x i32]**
0.9788	0.9788	2104	[10000 x [2 x i32]]*
0.9788	0.9788	2103	%struct.snd_soc_card**
0.9788	0.9788	2099	%struct.irq_desc**
0.9788	0.9788	2097	%struct.tcp_pcb**
0.9788	0.9788	2089	%struct.evp_pkey_st**
0.9788	0.9788	2084	%struct.module**
0.9789	0.9789	2083	%struct.TIM_TypeDef**
0.9789	0.9789	2081	%struct.u8g2_struct**
0.9789	0.9789	2080	[200 x [2 x i32]]*
0.9789	0.9789	2078	%struct.num**
0.9789	0.9789	2066	%struct.drm_file**
0.9789	0.9789	2063	%struct.svc_rqst**
0.9789	0.9789	2061	%struct.l3_process**
0.9789	0.9789	2060	%struct._adapter**
0.9789	0.9789	2056	[17 x %struct.resource]*
0.9789	0.9789	2055	%struct.wl1251**
0.9789	0.9789	2046	%struct.ubi_device**
0.9789	0.9789	2045	%struct.snd_soc_dapm_context**
0.9789	0.9789	2041	[5 x i64]*
0.979	0.979	2035	%"struct.cv::UMatData"**
0.979	0.979	2033	%struct.intel_engine_cs**
0.979	0.979	2032	%struct.CallInfo**
0.979	0.979	2028	i32 (i32, ...)*
0.979	0.979	2027	[9 x i8]*
0.979	0.979	2025	%struct.nf_conn**
0.979	0.979	2022	%struct.mantis_pci**
0.979	0.979	2016	%struct.srb**
0.979	0.979	2012	%struct.bkey**
0.979	0.979	2009	%union.U4***
0.979	0.979	2007	[51 x i32]*
0.979	0.979	1999	%struct.fib6_info**
0.979	0.979	1998	%struct.rt2x00_dev**
0.9791	0.9791	1994	%struct.sockaddr**
0.9791	0.9791	1993	%struct.ieee80211_device**
0.9791	0.9791	1990	%struct.snd_emu10k1**
0.9791	0.9791	1989	%struct.nb_container_s**
0.9791	0.9791	1987	%struct.ahash_request**
0.9791	0.9791	1984	%struct.file_lock**
0.9791	0.9791	1983	[35 x i8]*
0.9791	0.9791	1974	[100 x [50 x i8]]*
0.9791	0.9791	1973	%struct.usb_endpoint_descriptor**
0.9791	0.9791	1970	%struct.yajl_gen_t**
0.9791	0.9791	1969	%struct.iscsi_cmd**
0.9791	0.9791	1968	%struct.usbnet**
0.9791	0.9791	1963	[6 x %"class.tensorflow::StringPiece"]*
0.9792	0.9792	1962	%struct.mlx4_en_priv**
0.9792	0.9792	1959	%struct.x509_st**
0.9792	0.9792	1952	[100000 x [2 x i32]]*
0.9792	0.9792	1946	%struct.b43legacy_wldev**
0.9792	0.9792	1944	%struct.avr_t**
0.9792	0.9792	1943	%struct.Token**
0.9792	0.9792	1942	%struct.net_bridge_port**
0.9792	0.9792	1941	%struct.i915_vma**
0.9792	0.9792	1934	%struct.frame**
0.9792	0.9792	1925	%struct.se_device**
0.9792	0.9792	1908	[52 x i8]*
0.9792	0.9792	1905	%struct.SDL_Texture**
0.9792	0.9792	1901	%struct.ttm_buffer_object**
0.9792	0.9792	1896	[6 x i64]*
0.9793	0.9793	1893	%struct.drm_gem_object**
0.9793	0.9793	1892	%struct.ADC_VIEW_CNTL**
0.9793	0.9793	1890	%struct.EState**
0.9793	0.9793	1888	%struct.gdImageStruct**
0.9793	0.9793	1885	%struct.net_bridge**
0.9793	0.9793	1880	%struct.hfi1_devdata**
0.9793	0.9793	1869	%struct.CLzmaEnc**
0.9793	0.9793	1858	%struct.aa_label**
0.9793	0.9793	1854	[8 x double]*
0.9793	0.9793	1853	i8 (%struct.u8x8_struct*, i8, i8, i8*)**
0.9793	0.9793	1846	%struct.vmw_private**
0.9793	0.9793	1845	%swift.opaque**
0.9793	0.9793	1843	%struct.mlx5_ib_dev**
0.9793	0.9793	1842	[3 x i64]*
0.9793	0.9793	1838	[1000 x [40 x i8]]*
0.9794	0.9794	1836	[1100 x i32]*
0.9794	0.9794	1834	%struct.TCP_Server_Info**
0.9794	0.9794	1832	%struct.bz_stream**
0.9794	0.9794	1831	[65 x [5 x double]]*
0.9794	0.9794	1830	%struct.qib_devdata**
0.9794	0.9794	1829	i8 (%struct.u8x8_struct*, i8, i8, i8*)*
0.9794	0.9794	1825	%struct.aa_profile**
0.9794	0.9794	1823	[1000 x [100 x i8]]*
0.9794	0.9794	1822	[60 x i8]*
0.9794	0.9794	1821	%struct.esas2r_adapter**
0.9794	0.9794	1820	%struct.netif**
0.9794	0.9794	1817	%struct.vb_device_info**
0.9794	0.9794	1806	%struct.activity**
0.9794	0.9794	1804	%struct.mrb_value**
0.9795	0.9795	1796	%union.CHAR64LONG16**
0.9795	0.9795	1794	void (i8*, i8*)*
0.9795	0.9795	1789	%struct.mobj_s**
0.9795	0.9795	1787	%struct.yasm_expr**
0.9795	0.9795	1784	%struct.SDL_Rect**
0.9795	0.9795	1779	<3 x i32>
0.9795	0.9795	1778	[252 x i32]*
0.9795	0.9795	1775	%struct.token**
0.9795	0.9795	1773	%struct.rpc_task**
0.9795	0.9795	1771	%struct.mmc_data**
0.9795	0.9795	1768	[4 x i16]*
0.9795	0.9795	1765	[4 x i8*]*
0.9795	0.9795	1763	%struct.tmln**
0.9795	0.9795	1762	i32 (i8*, i8*)*
0.9795	0.9795	1758	%struct.dlm_ls**
0.9795	0.9795	1757	%struct.jpeg_transform_info**
0.9796	0.9796	1755	%struct.tcpm_port**
0.9796	0.9796	1754	%"class.tensorflow::shape_inference::ShapeHandle"**
0.9796	0.9796	1750	%struct.Connector_struct**
0.9796	0.9796	1748	[65 x [65 x [5 x double]]] addrspace(1)*
0.9796	0.9796	1742	%struct.SDL_BlitInfo**
0.9796	0.9796	1739	[8 x float]*
0.9796	0.9796	1738	i32 (i8*, i8*)**
0.9796	0.9796	1736	%struct.aac_dev**
0.9796	0.9796	1733	%struct.cifs_tcon**
0.9796	0.9796	1732	%struct.panel_drv_data**
0.9796	0.9796	1728	[120 x [120 x i32]]*
0.9796	0.9796	1727	%struct.mei_device**
0.9796	0.9796	1720	[1024 x i32]*
0.9796	0.9796	1718	%struct.tm**
0.9796	0.9796	1716	[100 x i64]*
0.9797	0.9797	1715	<4 x float> addrspace(3)*
0.9797	0.9797	1713	%struct.dma_device**
0.9797	0.9797	1712	%struct._DEVICE**
0.9797	0.9797	1711	%struct.wil6210_priv**
0.9797	0.9797	1710	%struct.wiphy**
0.9797	0.9797	1709	%struct.cx18**
0.9797	0.9797	1708	%struct.i915_request**
0.9797	0.9797	1707	%struct.ec_point_st**
0.9797	0.9797	1704	%"class.tensorflow::Device"**
0.9797	0.9797	1703	%struct.bnx2x**
0.9797	0.9797	1699	%struct.i40e_pf**
0.9797	0.9797	1697	%struct.rd_kafka_broker_s**
0.9797	0.9797	1696	[9 x float]*
0.9797	0.9797	1695	%struct.S2**
0.9797	0.9797	1694	%struct.rhlist_head**
0.9797	0.9797	1691	%struct.ata_device**
0.9798	0.9798	1688	%struct.huff_entropy_encoder**
0.9798	0.9798	1683	[3000 x i32]*
0.9798	0.9798	1682	%struct.map_info**
0.9798	0.9798	1681	%struct.insn**
0.9798	0.9798	1674	%struct.ieee80211_vif**
0.9798	0.9798	1671	%struct.rtx_def***
0.9798	0.9798	1670	%struct.netlink_callback**
0.9798	0.9798	1669	%struct.irq_domain**
0.9798	0.9798	1668	%struct.cache_set**
0.9798	0.9798	1665	%struct.iphdr**
0.9798	0.9798	1662	%struct.changrdbox**
0.9798	0.9798	1656	%"class.tensorflow::PersistentTensor"**
0.9798	0.9798	1654	%"class.google::protobuf::FileDescriptor"**
0.9798	0.9798	1653	void (i32)*
0.9798	0.9798	1647	%struct._object**
0.9798	0.9798	1646	%struct.sst_dsp**
0.9799	0.9799	1645	%struct.dlm_lkb**
0.9799	0.9799	1642	%T4file14FailureMessageC**
0.9799	0.9799	1638	%struct.LodePNGInfo**
0.9799	0.9799	1637	%struct.mem_cgroup**
0.9799	0.9799	1635	%struct.delayed_work**
0.9799	0.9799	1632	[123 x i32]*
0.9799	0.9799	1631	[12 x i64]*
0.9799	0.9799	1630	%struct.extent_map**
0.9799	0.9799	1626	%struct.tree_balance**
0.9799	0.9799	1625	%struct.ide_drive_s**
0.9799	0.9799	1624	%struct.drm_crtc_state**
0.9799	0.9799	1622	%struct._AML_STATEMENT**
0.9799	0.9799	1621	i32******
0.9799	0.9799	1616	[101 x double]*
0.9799	0.9799	1614	%struct._u8g_pb_t**
0.9799	0.9799	1612	%"class.Eigen::TensorMap"**
0.98	0.98	1608	%struct.ssl_st**
0.98	0.98	1607	%struct.tnode**
0.98	0.98	1604	%struct.list**
0.98	0.98	1602	%struct.xhci_hcd**
0.98	0.98	1600	%struct.my_coef_controller**
0.98	0.98	1598	%struct.parser_context_t**
0.98	0.98	1596	[301 x double]*
0.98	0.98	1595	%struct.user_namespace**
0.98	0.98	1594	%struct.oxygen**
0.98	0.98	1593	%struct.matrox_fb_info**
0.98	0.98	1592	[510 x i32]*
0.98	0.98	1591	%struct.qlcnic_hardware_context**
0.98	0.98	1590	%struct.pwm_device**
0.98	0.98	1589	%struct.radeonfb_info**
0.98	0.98	1588	%"struct.__gnu_cxx::__ops::_Iter_less_val"**
0.98	0.98	1581	%struct.GPU_Image**
0.98	0.98	1580	%struct.radeon_ring**
0.9801	0.9801	1576	%struct.hisi_hba**
0.9801	0.9801	1574	double****
0.9801	0.9801	1571	[32 x i16]*
0.9801	0.9801	1568	[105 x [105 x i8]]*
0.9801	0.9801	1567	%struct.jbd2_journal_handle**
0.9801	0.9801	1565	[16 x i16]*
0.9801	0.9801	1564	%struct.ni_private**
0.9801	0.9801	1562	%struct.yasm_bytecode**
0.9801	0.9801	1558	%struct.media_entity**
0.9801	0.9801	1557	%struct.jpeg_scan_info**
0.9801	0.9801	1553	%struct.vc_data**
0.9801	0.9801	1552	[400 x i8]*
0.9801	0.9801	1549	%struct.drm_psb_private**
0.9801	0.9801	1546	%struct.plan7_s**
0.9801	0.9801	1542	%struct.gz_stream**
0.9801	0.9801	1540	%struct.P**
0.9801	0.9801	1539	%struct.ieee80211_mgmt**
0.9802	0.9802	1538	%struct.reset_control**
0.9802	0.9802	1537	[1536 x i8*]*
0.9802	0.9802	1536	%struct.drm_atomic_state**
0.9802	0.9802	1535	%struct.NodeWindow_t_**
0.9802	0.9802	1533	%struct.ks_wlan_private**
0.9802	0.9802	1531	%struct.btrfs_device**
0.9802	0.9802	1530	void (i8*, i32)*
0.9802	0.9802	1524	%"class.google::protobuf::Map<std::__1::basic_string<char>, tensorflow::AttrValue>::InnerMap"**
0.9802	0.9802	1523	[100 x [11 x i8]]*
0.9802	0.9802	1521	%struct.ethtool_link_ksettings**
0.9802	0.9802	1518	%struct.btree**
0.9802	0.9802	1516	[103 x i8]*
0.9802	0.9802	1513	%struct.tommy_node_struct**
0.9802	0.9802	1509	[82 x i8]*
0.9802	0.9802	1508	%struct.comedi_insn**
0.9802	0.9802	1507	%struct.hlist_node***
0.9802	0.9802	1506	%struct.v4l2_rect**
0.9802	0.9802	1505	%struct._KPROCESS**
0.9803	0.9803	1504	%struct.journal_s**
0.9803	0.9803	1502	%struct.cpArbiter**
0.9803	0.9803	1499	%struct.S3**
0.9803	0.9803	1498	<4 x i8> addrspace(1)*
0.9803	0.9803	1497	%struct.level_type**
0.9803	0.9803	1496	%struct.s5p_mfc_ctx**
0.9803	0.9803	1489	%struct.exp_node**
0.9803	0.9803	1488	%struct.ib_qp**
0.9803	0.9803	1484	%struct._ucg_t**
0.9803	0.9803	1483	[11 x double]*
0.9803	0.9803	1482	%struct.video_device**
0.9803	0.9803	1479	%struct.termbox**
0.9803	0.9803	1477	[90 x i8]*
0.9803	0.9803	1473	%struct.timer_list**
0.9803	0.9803	1472	%struct.bfa_fcs_rport_s**
0.9803	0.9803	1468	[18 x i32]*
0.9803	0.9803	1466	%struct.cw1200_common**
0.9803	0.9803	1464	%struct.mthca_dev**
0.9804	0.9804	1463	[85 x i8]*
0.9804	0.9804	1459	%struct.attribute**
0.9804	0.9804	1458	[100 x [16 x i32]]*
0.9804	0.9804	1456	%struct.clk_core**
0.9804	0.9804	1455	[500 x [500 x i32]]*
0.9804	0.9804	1453	%struct.mii_bus**
0.9804	0.9804	1450	[64 x i16]***
0.9804	0.9804	1446	[1000 x [26 x i8]]*
0.9804	0.9804	1442	[13 x [13 x [5 x double]]] addrspace(1)**
0.9804	0.9804	1440	%struct.rpc_xprt**
0.9804	0.9804	1437	%struct.osst_tape**
0.9804	0.9804	1436	[4 x [4 x double]]*
0.9804	0.9804	1435	%struct._LOADED_IMAGE**
0.9804	0.9804	1434	%struct.pte_t**
0.9804	0.9804	1433	[210 x i8]*
0.9804	0.9804	1431	%struct.mmc_command**
0.9804	0.9804	1429	[1 x %struct.k0*]*
0.9804	0.9804	1426	[12 x [12 x i32]]*
0.9804	0.9804	1423	%struct.v4l2_format**
0.9805	0.9805	1420	i32 (%struct.drm_i915_private*, i32, i1)**
0.9805	0.9805	1417	[1 x %union.tree_node*]*
0.9805	0.9805	1415	%struct.Global**
0.9805	0.9805	1414	%struct._IO_BUFFER**
0.9805	0.9805	1412	i32 (%struct.drm_i915_private*, i32, i1)*
0.9805	0.9805	1410	%struct.bfa_fcs_lport_s**
0.9805	0.9805	1407	%struct._ssl_context**
0.9805	0.9805	1405	void (%struct.work_struct*)**
0.9805	0.9805	1404	%struct.info**
0.9805	0.9805	1402	%union.acpi_object**
0.9805	0.9805	1398	%struct.target_s**
0.9805	0.9805	1396	[350 x i32]*
0.9805	0.9805	1395	%struct.ata_queued_cmd**
0.9805	0.9805	1394	[11 x float]*
0.9805	0.9805	1393	%struct.Lgm_CTrans**
0.9805	0.9805	1391	%struct.mt7601u_dev**
0.9805	0.9805	1388	%struct.sdhci_host**
0.9805	0.9805	1387	%struct.radeon_ps**
0.9805	0.9805	1384	%struct.MPT3SAS_ADAPTER**
0.9806	0.9806	1383	%struct.tagbstring**
0.9806	0.9806	1380	%struct.mount**
0.9806	0.9806	1379	%struct.nfs_client**
0.9806	0.9806	1378	[1100 x i8]*
0.9806	0.9806	1376	%struct.intel_dp**
0.9806	0.9806	1368	[13 x [5 x double]] addrspace(1)*
0.9806	0.9806	1367	%struct.mpi**
0.9806	0.9806	1366	%struct.UArray**
0.9806	0.9806	1361	%struct.T2P**
0.9806	0.9806	1355	%struct.bs_t**
0.9806	0.9806	1354	[11 x [11 x [5 x i32]]]*
0.9806	0.9806	1353	%struct.v4l2_ctrl_handler**
0.9806	0.9806	1351	%struct.r8152**
0.9806	0.9806	1350	%struct.ieee80211_channel**
0.9806	0.9806	1349	%struct.kiss_fft_cpx**
0.9806	0.9806	1346	%struct.ISzAlloc**
0.9806	0.9806	1343	%struct.controller**
0.9806	0.9806	1342	%"class.google::protobuf::util::converter::DefaultValueObjectWriter::Node"***
0.9806	0.9806	1341	[10 x [10 x double]]*
0.9807	0.9807	1340	%struct.kernfs_node**
0.9807	0.9807	1335	%struct.mt76x0_dev**
0.9807	0.9807	1333	%struct.ax25_cb**
0.9807	0.9807	1332	%struct.isp_device**
0.9807	0.9807	1327	%struct.cifs_ses**
0.9807	0.9807	1324	[1000 x %struct.student]*
0.9807	0.9807	1323	[65 x i8]*
0.9807	0.9807	1322	%struct.pcmcia_device**
0.9807	0.9807	1320	[16 x i8*]*
0.9807	0.9807	1314	[31 x i32]*
0.9807	0.9807	1308	%struct.hns_roce_dev**
0.9807	0.9807	1306	%struct.CNTLR_VARS**
0.9807	0.9807	1305	%struct.ieee80211_tx_info**
0.9807	0.9807	1304	%struct.ixgbe_adapter**
0.9807	0.9807	1302	%struct.netxen_adapter**
0.9807	0.9807	1298	[500 x [500 x i8]]*
0.9807	0.9807	1297	%struct.msghdr**
0.9807	0.9807	1296	%struct.pmd_t**
0.9807	0.9807	1295	%"class.tensorflow::OpKernelContext"**
0.9807	0.9807	1294	void (%struct.drm_i915_private*, i32, i32, i1)**
0.9807	0.9807	1293	[200000 x i32]*
0.9808	0.9808	1292	%struct.nb_model_t**
0.9808	0.9808	1291	[55 x i32]*
0.9808	0.9808	1287	void (%struct.drm_i915_private*, i32, i32, i1)*
0.9808	0.9808	1281	%struct.vb2_buffer**
0.9808	0.9808	1278	%struct.mmc_request**
0.9808	0.9808	1277	%"class.tensorflow::tfprof::CodeNode"**
0.9808	0.9808	1276	[1000 x [50 x i8]]*
0.9808	0.9808	1274	[5 x i32*]*
0.9808	0.9808	1272	%struct.zip64_internal**
0.9808	0.9808	1271	%struct._win**
0.9808	0.9808	1270	[100000 x %struct.Student]*
0.9808	0.9808	1267	[41 x float]*
0.9808	0.9808	1265	%struct.lpfcMboxq**
0.9808	0.9808	1264	%struct.GD_SFLASH_DEV_S**
0.9808	0.9808	1261	%struct.DBFInfo**
0.9808	0.9808	1260	[1000 x [30 x i8]]*
0.9808	0.9808	1257	[20 x [100 x i8]]*
0.9808	0.9808	1255	%struct.rdma_ah_attr**
0.9808	0.9808	1252	%struct.FIL**
0.9808	0.9808	1250	%struct.uart_8250_port**
0.9808	0.9808	1249	[12 x double]*
0.9809	0.9809	1248	%struct.drm_property**
0.9809	0.9809	1247	%struct.TString**
0.9809	0.9809	1245	%struct.ubifs_znode**
0.9809	0.9809	1244	[45 x float]*
0.9809	0.9809	1240	%struct._AML_EXECUTION_CONTEXT**
0.9809	0.9809	1238	%struct.sym_hcb**
0.9809	0.9809	1235	%struct.disassemble_info**
0.9809	0.9809	1234	[2 x [26 x i32]]*
0.9809	0.9809	1233	%struct.isci_host**
0.9809	0.9809	1232	[6 x float]*
0.9809	0.9809	1231	%struct.zone**
0.9809	0.9809	1230	%struct.s5p_mfc_dev**
0.9809	0.9809	1229	%struct.acpi_namespace_node**
0.9809	0.9809	1228	[1010 x i8]*
0.9809	0.9809	1227	%struct.r8a66597**
0.9809	0.9809	1226	%struct.rsnd_mod**
0.9809	0.9809	1224	%struct.iio_trigger**
0.9809	0.9809	1222	i32 (i8*)*
0.9809	0.9809	1218	%union.U3****
0.9809	0.9809	1217	%struct.trace_event**
0.9809	0.9809	1211	%struct.driver_data**
0.9809	0.9809	1209	%struct.bfad_s**
0.981	0.981	1206	%struct.ipv6hdr**
0.981	0.981	1205	%struct.i2c_device_id**
0.981	0.981	1203	%struct.bfq_queue**
0.981	0.981	1200	%struct.lpfc_dmabuf**
0.981	0.981	1199	%struct.ips_ha**
0.981	0.981	1198	%struct.dlm_rsb**
0.981	0.981	1197	%struct.acpi_walk_state**
0.981	0.981	1196	%struct.slot**
0.981	0.981	1194	%struct.sqlite3**
0.981	0.981	1192	%struct.ctl_table**
0.981	0.981	1191	%struct.pinctrl_dev**
0.981	0.981	1188	%struct.pci_resource**
0.981	0.981	1187	i4
0.981	0.981	1186	%struct.huff_entropy_decoder**
0.981	0.981	1184	%struct.v4l2_subdev_pad_config**
0.981	0.981	1183	[100 x [3 x double]]*
0.981	0.981	1181	%struct.tipc_msg**
0.981	0.981	1180	[101 x %struct.student]*
0.981	0.981	1178	%struct.snd_cs46xx**
0.981	0.981	1177	%struct.layer2**
0.981	0.981	1176	[35 x i32]*
0.981	0.981	1175	%struct.stateblock**
0.9811	0.9811	1174	%struct.rtable**
0.9811	0.9811	1172	%struct.netdev_hw_addr**
0.9811	0.9811	1171	%struct.radeon_encoder**
0.9811	0.9811	1170	%struct.quicklistNode**
0.9811	0.9811	1168	%struct.Lgm_Msis00Info**
0.9811	0.9811	1166	[1 x double]*
0.9811	0.9811	1165	%struct.afs_call**
0.9811	0.9811	1161	<8 x double>
0.9811	0.9811	1160	[1005 x i8]*
0.9811	0.9811	1159	%struct.BPNN**
0.9811	0.9811	1158	%struct.be_adapter**
0.9811	0.9811	1157	[7 x %"class.tensorflow::StringPiece"]*
0.9811	0.9811	1154	%"class.google::protobuf::FieldDescriptor"***
0.9811	0.9811	1153	%struct.fc_frame**
0.9811	0.9811	1152	%struct.tpm_chip**
0.9811	0.9811	1151	%struct.poll_table_struct**
0.9811	0.9811	1150	%struct.usb_gadget**
0.9811	0.9811	1149	%struct.rtc_wkalrm**
0.9811	0.9811	1147	%struct.cache**
0.9811	0.9811	1146	%union.StackValue**
0.9811	0.9811	1145	%struct.isdn_net_local_s**
0.9811	0.9811	1144	%struct.pnp_dev**
0.9811	0.9811	1143	%struct.virt_dma_desc**
0.9811	0.9811	1142	%struct.rtsx_pcr**
0.9812	0.9812	1141	[13 x double]*
0.9812	0.9812	1139	%struct.block_t**
0.9812	0.9812	1138	%struct.v4l2_pix_format**
0.9812	0.9812	1134	%struct.device_driver**
0.9812	0.9812	1133	%struct.rd_kafka_s**
0.9812	0.9812	1132	[50 x [32 x i8]]*
0.9812	0.9812	1131	%struct.mrb_context**
0.9812	0.9812	1127	%struct.ath9k_htc_priv**
0.9812	0.9812	1124	%struct.parse_buffer**
0.9812	0.9812	1123	%struct.gb_connection**
0.9812	0.9812	1122	%union.YYSTYPE**
0.9812	0.9812	1120	%struct.ieee80211_sta**
0.9812	0.9812	1118	%struct.fscache_cookie**
0.9812	0.9812	1117	%struct.nvidia_par**
0.9812	0.9812	1116	[2 x [11 x [11 x i32]]]*
0.9812	0.9812	1115	%struct.SyToken**
0.9812	0.9812	1113	%struct.png_row_info_struct**
0.9812	0.9812	1112	[26 x %struct.author]*
0.9812	0.9812	1111	%struct.rtc_device**
0.9812	0.9812	1110	%struct.intel_iommu**
0.9812	0.9812	1107	%struct.Spline_t_**
0.9812	0.9812	1106	void (%"class.std::__1::fpos"*, %"class.std::__1::basic_stringbuf"*, i64, i32, i32)**
0.9812	0.9812	1103	%struct.cpuinfo_x86**
0.9812	0.9812	1102	%struct.uwb_rc**
0.9813	0.9813	1101	%struct.genxWriter_rec**
0.9813	0.9813	1100	[50000 x %struct.qujian]*
0.9813	0.9813	1098	%struct.mvs_info**
0.9813	0.9813	1096	%struct.bpf_insn**
0.9813	0.9813	1095	%struct.seqcount**
0.9813	0.9813	1093	%struct.snd_info_entry**
0.9813	0.9813	1092	%struct._TCP_SOCKET**
0.9813	0.9813	1090	[1 x float]*
0.9813	0.9813	1089	%struct.ci_hdrc**
0.9813	0.9813	1088	%struct.venus_inst**
0.9813	0.9813	1086	%struct.BitstreamContext**
0.9813	0.9813	1084	%struct.my_upsampler**
0.9813	0.9813	1082	%struct.jpeg_destination_mgr**
0.9813	0.9813	1080	%struct.UpVal**
0.9813	0.9813	1079	%struct.inet6_ifaddr**
0.9813	0.9813	1077	%struct.v4l2_subdev_format**
0.9813	0.9813	1076	%struct.JHUFF_TBL**
0.9813	0.9813	1074	[20 x float]*
0.9813	0.9813	1073	%struct.resource_node**
0.9813	0.9813	1072	%struct.fm10k_intfc**
0.9813	0.9813	1071	%struct.ffAli**
0.9813	0.9813	1070	%struct.json_t**
0.9813	0.9813	1068	[200 x [3 x i32]]*
0.9813	0.9813	1067	%struct.deflate_state**
0.9814	0.9814	1066	%struct.i40e_ring**
0.9814	0.9814	1065	%struct.kvec**
0.9814	0.9814	1064	%struct.vb2_v4l2_buffer**
0.9814	0.9814	1062	%struct._diva_strace_context**
0.9814	0.9814	1061	%struct.ktermios**
0.9814	0.9814	1060	[4 x float]**
0.9814	0.9814	1059	%struct.asn1_object_st**
0.9814	0.9814	1057	%struct.pat**
0.9814	0.9814	1056	[1000 x [300 x i8]]*
0.9814	0.9814	1054	[501 x [5 x i8]]*
0.9814	0.9814	1053	%struct.dispc_device**
0.9814	0.9814	1052	%struct.aq_hw_s**
0.9814	0.9814	1051	%struct.vmw_resource**
0.9814	0.9814	1050	void (%struct.device*, i64, i8*, i64, i64)*
0.9814	0.9814	1049	[1024 x i64]*
0.9814	0.9814	1048	%struct.clock_event_device**
0.9814	0.9814	1046	%struct.drm_panel**
0.9814	0.9814	1044	[1000 x [20 x i8]]*
0.9814	0.9814	1043	[3 x [3 x i32]]*
0.9814	0.9814	1042	[150 x [150 x i32]]*
0.9814	0.9814	1041	i5
0.9814	0.9814	1040	[200 x [20 x i8]]*
0.9814	0.9814	1039	%struct.json_object_t**
0.9814	0.9814	1038	%struct.bfa_fcs_s**
0.9814	0.9814	1037	%struct.dsaf_device**
0.9814	0.9814	1036	i64 addrspace(1)**
0.9815	0.9815	1034	[400 x [2 x i32]]*
0.9815	0.9815	1033	%struct.se_portal_group**
0.9815	0.9815	1032	%struct.host1x**
0.9815	0.9815	1031	%struct.fnic**
0.9815	0.9815	1030	%struct.cxd2880_io**
0.9815	0.9815	1029	%struct.snd_gus_card**
0.9815	0.9815	1028	%struct.ec_key_st**
0.9815	0.9815	1027	%"class.re2::Regexp"**
0.9815	0.9815	1026	%struct.ata_link**
0.9815	0.9815	1025	%struct.mbedtls_ecp_point**
0.9815	0.9815	1024	[100 x [1000 x i32]]*
0.9815	0.9815	1022	%struct.in_device**
0.9815	0.9815	1021	%struct.ast_private**
0.9815	0.9815	1019	%"class.tensorflow::TensorShapeProto"**
0.9815	0.9815	1018	%struct.asd_ha_struct**
0.9815	0.9815	1017	[2 x i32*]*
0.9815	0.9815	1015	%struct.mddev**
0.9815	0.9815	1014	%struct.inflate_state**
0.9815	0.9815	1013	%struct.bsg_job**
0.9815	0.9815	1012	[9 x [9 x [5 x i32]]]*
0.9815	0.9815	1011	void (%Ts28__ContiguousArrayStorageBaseC*)*
0.9815	0.9815	1010	[1000 x %struct.anon]*
0.9815	0.9815	1008	%struct.p7trace_s**
0.9815	0.9815	1007	%struct.entry**
0.9815	0.9815	1006	[5 x i8*]*
0.9815	0.9815	1005	%struct._IMAGE_SECTION**
0.9816	0.9816	1004	[50 x [15 x i8]]*
0.9816	0.9816	1003	%struct.ucvector**
0.9816	0.9816	1002	[10001 x i8]*
0.9816	0.9816	1001	%struct.ib_cq**
0.9816	0.9816	1000	%struct.atm_vcc**
0.9816	0.9816	997	%struct.ib_wc**
0.9816	0.9816	995	i64 addrspace(3)**
0.9816	0.9816	994	%struct.d_derived_tbl**
0.9816	0.9816	993	%struct.ssb_sprom**
0.9816	0.9816	992	%struct.tty_port**
0.9816	0.9816	991	%struct.engine_st**
0.9816	0.9816	990	void (%"class.std::__1::__function::__base"*, %"class.std::__1::__function::__base"*)**
0.9816	0.9816	989	%struct.S3***
0.9816	0.9816	988	i64 (%"class.google::protobuf::MessageLite"*)**
0.9816	0.9816	985	[4000 x i8]*
0.9816	0.9816	984	%struct.v4l2_subdev_ops**
0.9816	0.9816	983	%struct.cx231xx**
0.9816	0.9816	982	%struct.rdma_id_private**
0.9816	0.9816	981	[100 x i32*]*
0.9816	0.9816	980	%struct.ZDR**
0.9816	0.9816	979	%struct.rbt_node**
0.9816	0.9816	978	[30000 x i32]*
0.9816	0.9816	977	i32 (...)*
0.9816	0.9816	976	%struct.neighbour**
0.9816	0.9816	975	%struct.node***
0.9816	0.9816	974	%T4file14SourceLocationC**
0.9816	0.9816	973	%struct.usb_host_endpoint**
0.9817	0.9817	972	%struct.ib_pd**
0.9817	0.9817	971	i8******
0.9817	0.9817	970	[2 x [100 x i32]]*
0.9817	0.9817	968	%struct.rpc_clnt**
0.9817	0.9817	965	%struct.TTree**
0.9817	0.9817	964	%struct.i40e_vsi**
0.9817	0.9817	963	%struct.nfs_page**
0.9817	0.9817	961	%struct.mpc_input_t**
0.9817	0.9817	960	void (%"class.std::__1::__function::__base.180"*)**
0.9817	0.9817	958	[100 x [100 x [100 x i8]]]*
0.9817	0.9817	956	%struct.ubifs_lprops**
0.9817	0.9817	954	[9 x [9 x [6 x i32]]]*
0.9817	0.9817	953	%struct.ab8500_charger**
0.9817	0.9817	951	%struct.ring_buffer**
0.9817	0.9817	948	%struct.cst_item_struct**
0.9817	0.9817	947	%struct.ata_host**
0.9817	0.9817	946	%struct.table_elt**
0.9817	0.9817	945	%struct.iscsi_portal_group**
0.9817	0.9817	944	[50 x [30 x i8]]*
0.9817	0.9817	943	%struct.snd_mask**
0.9817	0.9817	942	%struct.snd_pcm**
0.9817	0.9817	941	%struct.send_ctx**
0.9817	0.9817	939	%struct.ncb**
0.9817	0.9817	938	%struct.rtl8xxxu_priv**
0.9817	0.9817	937	%struct.cstring_array**
0.9817	0.9817	932	[100 x [1000 x double]]*
0.9817	0.9817	931	%struct.fm10k_hw**
0.9817	0.9817	929	%struct.virtio_device**
0.9817	0.9817	928	[5 x i16]*
0.9818	0.9818	927	%struct.jsw_avlnode**
0.9818	0.9818	926	%struct.bcmgenet_priv**
0.9818	0.9818	925	%struct.xlgmac_pdata**
0.9818	0.9818	924	%struct.vmxnet3_adapter**
0.9818	0.9818	923	%struct.cyapa**
0.9818	0.9818	922	%struct.iattr**
0.9818	0.9818	921	%struct.bpf_reg_state**
0.9818	0.9818	920	%struct._TidyDocImpl**
0.9818	0.9818	918	[200 x [100 x i8]]*
0.9818	0.9818	917	[999 x double]*
0.9818	0.9818	916	[34 x i32]*
0.9818	0.9818	915	%"class.std::__1::basic_streambuf"**
0.9818	0.9818	914	%union.U1****
0.9818	0.9818	913	[8192 x i8]*
0.9818	0.9818	912	%struct.flchip**
0.9818	0.9818	911	%struct.ethtool_coalesce**
0.9818	0.9818	910	[100 x [1000 x i8]]*
0.9818	0.9818	909	%struct.channel_t**
0.9818	0.9818	908	%"struct.google::protobuf::RepeatedField<int>::Rep"**
0.9818	0.9818	907	%struct.v4l2_pix_format_mplane**
0.9818	0.9818	905	[256 x i16]*
0.9818	0.9818	904	%struct.bpf_map**
0.9818	0.9818	902	%struct.cm_id_private**
0.9818	0.9818	901	%struct.wlantest_sta**
0.9818	0.9818	900	[1001 x double]*
0.9818	0.9818	899	%struct.jx9_gen_state**
0.9818	0.9818	898	%struct.ContextData_GLES_3**
0.9818	0.9818	897	%struct.usb_phy**
0.9818	0.9818	896	%struct.S2***
0.9819	0.9819	895	%struct.spi_driver**
0.9819	0.9819	894	%struct.nfp_prog**
0.9819	0.9819	893	%struct.blk_mq_hw_ctx**
0.9819	0.9819	892	%struct.pblk_line**
0.9819	0.9819	891	%struct.req_que**
0.9819	0.9819	890	%struct.ContextData_GLES_2**
0.9819	0.9819	889	%struct.unz64_s**
0.9819	0.9819	888	<2 x i32> addrspace(1)*
0.9819	0.9819	887	%struct.device_reg_24xx**
0.9819	0.9819	886	[1000 x [3 x i32]]*
0.9819	0.9819	885	%struct.listNode**
0.9819	0.9819	884	[1500 x i32]*
0.9819	0.9819	882	%struct.Point3Struct**
0.9819	0.9819	881	%struct.usb_host_interface**
0.9819	0.9819	880	%struct.integer**
0.9819	0.9819	879	%struct.sphere_t**
0.9819	0.9819	878	%struct.key_vector**
0.9819	0.9819	877	i32 (i8*, i32)**
0.9819	0.9819	876	%struct.jx9_vm**
0.9819	0.9819	874	[4 x [2 x i32]]*
0.9819	0.9819	872	%struct.can_frame**
0.9819	0.9819	871	%struct.bdc**
0.9819	0.9819	869	[14 x i32]*
0.9819	0.9819	868	%struct.dvb_frontend**
0.9819	0.9819	865	%struct.jsm_channel**
0.9819	0.9819	864	%struct.tmio_mmc_host**
0.9819	0.9819	862	%struct.ieee80211_chanctx_conf**
0.9819	0.9819	860	%struct.hs_t**
0.9819	0.9819	859	i32 (i8*, i32)*
0.9819	0.9819	858	[26 x [1000 x i32]]*
0.9819	0.9819	857	%struct.fib6_node**
0.982	0.982	856	%struct.rsa_st**
0.982	0.982	854	%struct.trace_entry**
0.982	0.982	853	%struct.virt_dma_chan**
0.982	0.982	852	%struct.RProc**
0.982	0.982	851	<4 x i8*>
0.982	0.982	850	%"class.tensorflow::Node"****
0.982	0.982	848	%struct.saa7164_dev**
0.982	0.982	847	%struct._SDL_Haptic**
0.982	0.982	846	%struct.hashState**
0.982	0.982	845	%struct.state**
0.982	0.982	843	%struct.nes_device**
0.982	0.982	842	%struct.lan743x_adapter**
0.982	0.982	841	%struct.task_status_struct**
0.982	0.982	840	%struct.MatchState**
0.982	0.982	839	%struct.rb_root**
0.982	0.982	838	%struct.yasm_object**
0.982	0.982	837	%struct.ww_acquire_ctx**
0.982	0.982	836	%struct.tree23**
0.982	0.982	835	%struct.skb_frag_struct**
0.982	0.982	834	%struct.demangle_component**
0.982	0.982	833	%struct.wsm_buf**
0.982	0.982	832	[4 x [4 x float]]*
0.982	0.982	831	%struct.a**
0.982	0.982	830	%struct.pb_field_s**
0.982	0.982	829	%struct.hrtimer**
0.982	0.982	828	[302 x i32]*
0.982	0.982	826	[100 x [2 x float]]*
0.982	0.982	825	%struct.qib_pportdata**
0.982	0.982	823	[5 x [3 x i32]]*
0.982	0.982	822	[100010 x i32]*
0.982	0.982	821	%struct.d_print_info**
0.982	0.982	820	%struct.ubi_volume**
0.9821	0.9821	819	%struct.mei_cl**
0.9821	0.9821	818	%struct.fuse_req**
0.9821	0.9821	817	%struct.sas_ha_struct**
0.9821	0.9821	816	%struct.cmark_node**
0.9821	0.9821	815	[46 x i32]*
0.9821	0.9821	814	%struct.FsmInst**
0.9821	0.9821	813	%struct.spi_nor**
0.9821	0.9821	812	%struct.iss_device**
0.9821	0.9821	810	%struct.vfsmount**
0.9821	0.9821	809	%"struct.google::protobuf::RepeatedField<long long>::Rep"**
0.9821	0.9821	808	%struct._ENetPeer**
0.9821	0.9821	807	%struct.rngen**
0.9821	0.9821	806	%struct.hci_uart**
0.9821	0.9821	803	[502 x i32]*
0.9821	0.9821	802	[6 x i32*]*
0.9821	0.9821	801	%struct.sphere_internal_file_rep_t**
0.9821	0.9821	800	[8 x %"class.tensorflow::StringPiece"]*
0.9821	0.9821	799	%struct.fb_videomode**
0.9821	0.9821	798	%struct.ib_umem**
0.9821	0.9821	796	%struct.tensor**
0.9821	0.9821	795	%struct.l2cap_chan**
0.9821	0.9821	794	%struct.dquot**
0.9821	0.9821	793	%struct.ip_vs_dest**
0.9821	0.9821	792	[5 x %struct.xijun]*
0.9821	0.9821	791	%struct.uart_amba_port**
0.9821	0.9821	790	%struct.hdac_device**
0.9821	0.9821	789	%struct.slave**
0.9821	0.9821	788	%struct.crypto_cipher**
0.9821	0.9821	787	%struct._SDL_GameController**
0.9821	0.9821	786	void (%struct.jpeg_common_struct*, i32)**
0.9821	0.9821	785	%struct.LZ4_stream_t_internal**
0.9821	0.9821	784	%struct.snd_rawmidi_substream**
0.9821	0.9821	783	[4 x [4 x i8]]*
0.9822	0.9822	782	%struct.nfs4_client**
0.9822	0.9822	781	[4224 x i8]*
0.9822	0.9822	780	%struct.Range**
0.9822	0.9822	779	void (%struct.jpeg_common_struct*, ...)*
0.9822	0.9822	778	[501 x [6 x i8]]*
0.9822	0.9822	777	%struct.se_lun**
0.9822	0.9822	776	%struct.printbuffer**
0.9822	0.9822	775	void (%struct.jpeg_common_struct*, i32)*
0.9822	0.9822	774	[300 x [2 x i32]]*
0.9822	0.9822	773	%struct.scif_window**
0.9822	0.9822	772	%struct.fscache_object**
0.9822	0.9822	771	%struct.uip_tcp_pcb**
0.9822	0.9822	770	[150 x [150 x i8]]*
0.9822	0.9822	769	%struct.wm831x**
0.9822	0.9822	768	%struct.kiocb**
0.9822	0.9822	767	[50 x %struct.anon]*
0.9822	0.9822	766	void (%struct._object*)**
0.9822	0.9822	764	void (%struct.fbtft_par*, i32, ...)*
0.9822	0.9822	763	%struct.Tree**
0.9822	0.9822	762	%struct.item_head**
0.9822	0.9822	761	%struct.demangling_def**
0.9822	0.9822	760	%struct.snic**
0.9822	0.9822	759	%struct.pci_func**
0.9822	0.9822	758	[10000 x i64]*
0.9822	0.9822	757	%struct.jpeg_progress_mgr**
0.9822	0.9822	756	%struct.comedi_async**
0.9822	0.9822	754	%struct.igb_adapter**
0.9822	0.9822	752	%struct.bin_group**
0.9822	0.9822	751	%"class.tensorflow::PartialTensorShape"**
0.9822	0.9822	750	%struct.ill**
0.9822	0.9822	749	[33 x i32]*
0.9822	0.9822	748	%struct.mlx4_ib_qp**
0.9822	0.9822	746	%struct.wm8350**
0.9822	0.9822	745	%struct.genwqe_dev**
0.9822	0.9822	744	%struct.coap_packet_t**
0.9823	0.9823	743	%struct.cfg80211_chan_def**
0.9823	0.9823	742	%struct.GPU_Context**
0.9823	0.9823	741	%struct.JSON_Parser_Data**
0.9823	0.9823	740	%struct.btrfs_block_group_cache**
0.9823	0.9823	739	%struct.nes_cm_node**
0.9823	0.9823	738	%struct.esas2r_request**
0.9823	0.9823	737	%struct.hid_field**
0.9823	0.9823	736	[13 x i64]*
0.9823	0.9823	735	%struct._CTMcontext**
0.9823	0.9823	734	%struct.spc_arg**
0.9823	0.9823	733	%struct.uv_handle_s**
0.9823	0.9823	732	void (%"class.tensorflow::core::RefCounted"*)*
0.9823	0.9823	731	%struct.ablkcipher_request**
0.9823	0.9823	730	%struct.gspca_dev**
0.9823	0.9823	729	%struct.my_memory_mgr**
0.9823	0.9823	728	%struct.media_pad**
0.9823	0.9823	727	i2
0.9823	0.9823	726	%struct.sctp_association**
0.9823	0.9823	725	%struct.object__**
0.9823	0.9823	724	%struct.bitmap**
0.9823	0.9823	723	%struct.dlink1**
0.9823	0.9823	722	%struct.usb_msc_trans**
0.9823	0.9823	721	%struct.fc_fcp_pkt**
0.9823	0.9823	720	[10000 x [256 x i8]]*
0.9823	0.9823	719	%struct.json_stream**
0.9823	0.9823	718	%struct.rvin_dev**
0.9823	0.9823	717	%struct.USART_TypeDef**
0.9823	0.9823	716	%struct.meson_drm**
0.9823	0.9823	715	%struct.extcon_dev**
0.9823	0.9823	714	%struct.SBuf**
0.9823	0.9823	713	%struct.i40e_vf**
0.9823	0.9823	712	%struct.my_post_controller**
0.9823	0.9823	711	%struct.string_list**
0.9823	0.9823	710	%struct.mrb_callinfo**
0.9823	0.9823	709	[2000 x double]*
0.9823	0.9823	708	%struct.cifs_sb_info**
0.9823	0.9823	707	%struct.usb_function**
0.9824	0.9824	706	[202 x i32]*
0.9824	0.9824	704	%struct.cmac**
0.9824	0.9824	703	%struct.sccb**
0.9824	0.9824	702	%struct.snd_interval**
0.9824	0.9824	701	%struct.nft_set**
0.9824	0.9824	700	%"class.Json::Value"***
0.9824	0.9824	699	%struct.fuse_conn**
0.9824	0.9824	698	%struct.snd_emu8000**
0.9824	0.9824	697	%struct.intnode_s**
0.9824	0.9824	696	[100001 x i64]*
0.9824	0.9824	695	%struct.mvumi_hba**
0.9824	0.9824	694	%struct.gameport**
0.9824	0.9824	693	%struct.BuildCtx**
0.9824	0.9824	692	[600 x [10 x i8]]*
0.9824	0.9824	690	%struct.avl_node_t**
0.9824	0.9824	689	<4 x double> addrspace(1)*
0.9824	0.9824	688	[1 x %"class.std::__1::basic_string"]*
0.9824	0.9824	687	%"struct.tensorflow::BufferElement"**
0.9824	0.9824	686	[45 x [6 x i32]]*
0.9824	0.9824	685	%struct.precisionType**
0.9824	0.9824	684	%struct.sha256_ctx**
0.9824	0.9824	683	%struct.buffer_head***
0.9824	0.9824	682	%struct.jsonsl_st**
0.9824	0.9824	681	%struct.seqinfo_s**
0.9824	0.9824	680	%struct.ip4_addr**
0.9824	0.9824	679	i64*****
0.9824	0.9824	678	%struct._VlSiftFilt**
0.9824	0.9824	677	%union.iwreq_data**
0.9824	0.9824	676	[1000 x i64]*
0.9824	0.9824	675	%struct.ib_udata**
0.9824	0.9824	674	%struct.tty_buffer**
0.9824	0.9824	673	%union.SDL_Event**
0.9824	0.9824	672	%struct.cfg80211_registered_device**
0.9824	0.9824	671	%struct.atl1c_hw**
0.9824	0.9824	670	%struct.c_derived_tbl**
0.9824	0.9824	669	%struct.AVFormatContext**
0.9824	0.9824	668	%struct.hlist_nulls_node**
0.9824	0.9824	667	[8 x %struct.extent_buffer*]*
0.9824	0.9824	666	[310 x double]*
0.9825	0.9825	665	%struct.sockaddr_in6**
0.9825	0.9825	664	[40 x %struct.point]*
0.9825	0.9825	663	%struct.dsp**
0.9825	0.9825	662	%struct.skl_module_cfg**
0.9825	0.9825	661	%struct.nfp_pf**
0.9825	0.9825	660	%struct._KTHREAD**
0.9825	0.9825	659	%struct.Matrix4Struct**
0.9825	0.9825	658	[1 x %union.CHAR64LONG16]*
0.9825	0.9825	657	%struct.htparser**
0.9825	0.9825	656	%struct.bfa_itnim_s**
0.9825	0.9825	655	%struct._IOCB**
0.9825	0.9825	654	%struct.snd_ymfpci**
0.9825	0.9825	653	%struct.sector_t**
0.9825	0.9825	652	%struct.thermal_zone_device**
0.9825	0.9825	651	%struct.crypto_async_request**
0.9825	0.9825	649	%struct.fjes_hw**
0.9825	0.9825	648	[18 x i8]*
0.9825	0.9825	647	%struct.ubi_ainf_peb**
0.9825	0.9825	646	%struct._NETWORK_ADDRESS**
0.9825	0.9825	644	%struct.planner_s**
0.9825	0.9825	643	%struct.sisusb_usb_data**
0.9825	0.9825	642	i16 addrspace(4)*
0.9825	0.9825	641	void (%"class.google::protobuf::FieldDescriptor"*)**
0.9825	0.9825	640	void (%swift.opaque*, i32, i32, %swift.type*)*
0.9825	0.9825	639	%struct.RLOG_IOStruct**
0.9825	0.9825	638	%struct.cpSpatialIndex**
0.9825	0.9825	636	[5001 x i32]*
0.9825	0.9825	635	%struct.VL53L1_LLDriverData_t**
0.9825	0.9825	634	%struct.v4l2_subdev_selection**
0.9825	0.9825	633	%struct.mlx4_en_dev**
0.9825	0.9825	632	%struct.audioformat**
0.9825	0.9825	631	%struct.jx9_hashmap_node**
0.9825	0.9825	630	%struct.s_printf**
0.9825	0.9825	629	%struct.camera_data**
0.9825	0.9825	628	[100 x [3 x float]]*
0.9825	0.9825	627	%struct.stv0900_internal**
0.9825	0.9825	626	%struct.cpBBTree**
0.9825	0.9825	625	%struct.HashTable_t**
0.9825	0.9825	624	[9 x i16]*
0.9825	0.9825	623	%struct.buffer_page**
0.9825	0.9825	622	i16******
0.9825	0.9825	621	%struct.efx_channel**
0.9826	0.9826	620	[20002 x i32]*
0.9826	0.9826	619	%struct.data_queue**
0.9826	0.9826	618	%struct.uart_omap_port**
0.9826	0.9826	616	%struct.bio_bio_st**
0.9826	0.9826	615	%struct.qed_vf_info**
0.9826	0.9826	614	%struct.extent_state**
0.9826	0.9826	613	%struct.hd_struct**
0.9826	0.9826	612	%struct._SDL_Joystick**
0.9826	0.9826	611	[8 x [2 x i64]]*
0.9826	0.9826	610	[99 x [99 x i32]]*
0.9826	0.9826	609	%struct._riva_hw_inst**
0.9826	0.9826	608	%struct.Object**
0.9826	0.9826	607	%struct.fbcon_ops**
0.9826	0.9826	606	%struct.snd_usb_audio**
0.9826	0.9826	605	%struct.fib_rule**
0.9826	0.9826	604	%struct.at91_adc_state**
0.9826	0.9826	603	[202 x i8]*
0.9826	0.9826	602	%struct._Array3D**
0.9826	0.9826	601	%struct.__kfifo**
0.9826	0.9826	600	%struct.ieee80211_network**
0.9826	0.9826	599	[111 x i32]*
0.9826	0.9826	598	%struct.reiserfs_journal**
0.9826	0.9826	597	%struct.iw_request_info**
0.9826	0.9826	596	%struct.layer**
0.9826	0.9826	595	%struct.hfa384x**
0.9826	0.9826	594	[514 x i8]*
0.9826	0.9826	593	%struct.qedr_qp**
0.9826	0.9826	592	%struct.fvec_t**
0.9826	0.9826	591	%struct.usbhs_priv**
0.9826	0.9826	590	%struct.throtl_grp**
0.9826	0.9826	589	%struct.ipu_soc**
0.9826	0.9826	588	%struct.SDL_PixelFormat**
0.9826	0.9826	587	%union.acpi_operand_object***
0.9826	0.9826	586	%struct.my_fdct_controller**
0.9826	0.9826	584	%"class.google::protobuf::Map<std::__1::basic_string<char>, std::__1::basic_string<char> >::InnerMap"**
0.9826	0.9826	583	%struct.ath6kl**
0.9826	0.9826	582	%struct.ib_ucontext**
0.9826	0.9826	581	%"class.tensorflow::NodeDef"****
0.9826	0.9826	580	%struct.Lgm_Vector**
0.9826	0.9826	579	%struct.job**
0.9826	0.9826	578	%struct.omap_hsmmc_host**
0.9826	0.9826	577	%struct.my_comp_master**
0.9826	0.9826	576	%struct.nft_pktinfo**
0.9826	0.9826	575	%struct.qxl_bo**
0.9826	0.9826	574	[4 x %struct.jpeg_component_info*]*
0.9827	0.9827	573	%struct.mlme_priv**
0.9827	0.9827	572	%struct.asd_sas_port**
0.9827	0.9827	571	%struct.sha1_context**
0.9827	0.9827	570	%"struct.cv::utils::trace::details::TraceManagerThreadLocal::StackEntry"**
0.9827	0.9827	569	%struct.rpcrdma_xprt**
0.9827	0.9827	568	%"class.google::protobuf::MessageLite"**
0.9827	0.9827	567	%struct.sony_sc**
0.9827	0.9827	566	%struct.scc_channel**
0.9827	0.9827	565	%struct.encoding**
0.9827	0.9827	564	%struct.dma_slave_config**
0.9827	0.9827	563	%struct.Point4Struct**
0.9827	0.9827	562	%struct.sfnt**
0.9827	0.9827	561	%struct.isar_ch**
0.9827	0.9827	560	[300 x [20 x i8]]*
0.9827	0.9827	559	[99 x double]*
0.9827	0.9827	558	%struct.set**
0.9827	0.9827	557	%struct.PayloadContext**
0.9827	0.9827	556	%struct.i915_address_space**
0.9827	0.9827	555	double addrspace(4)*
0.9827	0.9827	554	%struct.Channel**
0.9827	0.9827	553	i32 (%"class.std::__1::basic_streambuf"*, i32)*
0.9827	0.9827	552	%struct.elevator_queue**
0.9827	0.9827	551	%struct.xenbus_device**
0.9827	0.9827	550	%struct.msdc_host**
0.9827	0.9827	549	[19 x i8]*
0.9827	0.9827	548	%struct.plan_data**
0.9827	0.9827	547	[520 x i8]*
0.9827	0.9827	546	%struct.kvm**
0.9827	0.9827	545	[13 x [13 x double]] addrspace(1)**
0.9827	0.9827	544	[100 x [13 x i8]]*
0.9827	0.9827	542	%struct.rds_ib_connection**
0.9827	0.9827	541	%struct.socket_wq**
0.9827	0.9827	540	[100 x %struct.s]*
0.9827	0.9827	539	%struct.Box**
0.9827	0.9827	538	%struct.ieee80211_key_conf**
0.9827	0.9827	537	%"class.tensorflow::OpInfo_TensorProperties"**
0.9827	0.9827	536	%struct.venus_core**
0.9827	0.9827	535	%"class.tensorflow::core::RefCounted"**
0.9827	0.9827	534	%"struct.std::__1::__hash_node_base.228"**
0.9827	0.9827	533	[4 x i32*]*
0.9827	0.9827	532	%struct.usdhi6_host**
0.9827	0.9827	531	%struct._dom_node**
0.9827	0.9827	530	i192
0.9827	0.9827	529	%struct.xgbe_phy_data**
0.9827	0.9827	528	%struct.ib_smp**
0.9827	0.9827	527	[8 x i8]**
0.9827	0.9827	526	[800 x i32]*
0.9827	0.9827	525	%union.ubifs_key**
0.9827	0.9827	524	%struct.dm_zone**
0.9828	0.9828	523	%struct.auto_pin_cfg**
0.9828	0.9828	522	%struct.DumpState**
0.9828	0.9828	521	%struct.fw_card**
0.9828	0.9828	520	%struct.si476x_core**
0.9828	0.9828	519	%struct.snd_dice**
0.9828	0.9828	518	%struct.mem_section**
0.9828	0.9828	517	%struct.regulator_init_data**
0.9828	0.9828	516	%struct.cache_head**
0.9828	0.9828	515	%struct.gardeInformation**
0.9828	0.9828	514	%struct.dwc2_qtd**
0.9828	0.9828	513	%struct.tb_port**
0.9828	0.9828	512	%struct.svcxprt_rdma**
0.9828	0.9828	511	%struct.priv**
0.9828	0.9828	510	%struct.hsi_msg**
0.9828	0.9828	509	%struct.cyttsp4**
0.9828	0.9828	508	%struct.LClosure**
0.9828	0.9828	507	%struct.ptr_struct**
0.9828	0.9828	506	%struct.ib_mr**
0.9828	0.9828	505	%struct.stream_t**
0.9828	0.9828	504	%"class.std::__1::unique_ptr.145"**
0.9828	0.9828	503	%struct.my_color_deconverter**
0.9828	0.9828	502	%struct.grpc_error**
0.9828	0.9828	501	%struct.dw_i2c_dev**
0.9828	0.9828	500	[15 x double]*
0.9828	0.9828	499	void (i32, i32)*
0.9828	0.9828	498	%struct.kv_power_info**
0.9828	0.9828	497	%struct._operand**
0.9828	0.9828	496	i8* (%"class.google::protobuf::MessageLite"*, i1, i8*)***
0.9828	0.9828	495	void (%"class.std::__1::__function::__base"*, %"class.std::__1::__function::__base"*)*
0.9828	0.9828	494	%struct.mmc_omap_host**
0.9828	0.9828	492	%struct.ctl_table_header**
0.9828	0.9828	491	%struct._MEMORY_DESCRIPTOR**
0.9828	0.9828	490	%"class.tensorflow::ResourceBase"**
0.9828	0.9828	489	%struct.fore200e**
0.9828	0.9828	488	i32 (%"class.google::protobuf::MessageLite"*)***
0.9828	0.9828	487	%struct.pcxhr_mgr**
0.9828	0.9828	486	%struct.ne10_fft_cpx_float32_t**
0.9828	0.9828	485	%struct.X509_crl_st**
0.9828	0.9828	484	[51000 x i32]*
0.9828	0.9828	483	[42 x i8]*
0.9828	0.9828	482	%struct.nesting**
0.9828	0.9828	481	%"class.std::__1::mutex"**
0.9828	0.9828	480	void (%"class.std::__1::__function::__base.180"*)***
0.9828	0.9828	479	%struct.Mem**
0.9828	0.9828	478	%union.U2*****
0.9828	0.9828	477	%struct.level_type***
0.9828	0.9828	476	void (%"class.std::__1::__function::__base.176"*)**
0.9828	0.9828	475	[500 x i64]*
0.9828	0.9828	474	%struct.bin_attribute**
0.9828	0.9828	473	%struct.aead_req_ctx**
0.9828	0.9828	472	[90 x i32]*
0.9828	0.9828	471	%struct.err_state_st**
0.9828	0.9828	470	%struct.hns3_enet_ring**
0.9828	0.9828	469	%struct.lp55xx_chip**
0.9829	0.9829	468	%struct.RegExp**
0.9829	0.9829	467	%struct.telnet_tag**
0.9829	0.9829	466	%struct.ccp_device**
0.9829	0.9829	465	void (%struct.jpeg_compress_struct*)**
0.9829	0.9829	464	%struct.flowi6**
0.9829	0.9829	463	%struct.TFE_TensorHandle**
0.9829	0.9829	462	%struct.nfs_fh**
0.9829	0.9829	461	%struct.sirfsoc_spi**
0.9829	0.9829	460	%struct.isp_ccdc_device**
0.9829	0.9829	459	%struct.nft_chain**
0.9829	0.9829	458	%struct.drm_dp_mst_topology_mgr**
0.9829	0.9829	457	%struct.sge_rspq**
0.9829	0.9829	456	%struct.XXH32_state_s**
0.9829	0.9829	455	%struct.io_device**
0.9829	0.9829	454	%struct.ql_adapter**
0.9829	0.9829	453	%struct.skl**
0.9829	0.9829	452	%struct.ubifs_inode**
0.9829	0.9829	451	%struct.iommu_group**
0.9829	0.9829	450	%T4file12QuadTreeNodeC**
0.9829	0.9829	449	%struct.ttm_bo_device**
0.9829	0.9829	448	%struct.fib_table**
0.9829	0.9829	447	%struct.usb_gadget_driver**
0.9829	0.9829	446	[4 x %struct.stu]*
0.9829	0.9829	445	%struct.zoran_fh**
0.9829	0.9829	444	%struct.cpSpaceHashBin**
0.9829	0.9829	443	%struct.wpan_phy**
0.9829	0.9829	442	[14 x double]*
0.9829	0.9829	441	%struct.__vxge_hw_device**
0.9829	0.9829	440	[999 x %struct.anon]*
0.9829	0.9829	439	%struct.pwc_device**
0.9829	0.9829	438	i32 (%struct.device*)*
0.9829	0.9829	437	%struct.tulip_private**
0.9829	0.9829	436	[1000 x [15 x i8]]*
0.9829	0.9829	435	%struct.cpufreq_policy**
0.9829	0.9829	434	%struct.VOICE_S**
0.9829	0.9829	433	[82 x i32]*
0.9829	0.9829	432	%struct.reiserfs_transaction_handle**
0.9829	0.9829	431	%struct.tda998x_priv**
0.9829	0.9829	430	%struct.XXH64_state_s**
0.9829	0.9829	429	%struct.stm32_dcmi**
0.9829	0.9829	428	[2 x [52 x i32]]*
0.9829	0.9829	427	%struct.fsl_mc_io**
0.9829	0.9829	426	%struct.ethtool_pauseparam**
0.9829	0.9829	425	%struct.bch_control**
0.9829	0.9829	424	%struct.dn_scp**
0.9829	0.9829	423	%struct.xilly_channel**
0.9829	0.9829	422	%struct.Hash**
0.9829	0.9829	421	%struct.hscx_hw**
0.9829	0.9829	420	[100 x %struct.i]*
0.9829	0.9829	419	<2 x double> addrspace(1)*
0.9829	0.9829	418	%struct.double_matrix_t**
0.9829	0.9829	417	%struct.snd_soc_dapm_path**
0.9829	0.9829	416	%struct.mmc_ios**
0.9829	0.9829	415	%struct.w1_slave**
0.9829	0.9829	414	%struct.i2s_dai**
0.9829	0.9829	413	%struct.skcipher_alg**
0.9829	0.9829	412	%struct.intel_sdvo**
0.9829	0.9829	411	%struct.btdev**
0.9829	0.9829	410	%struct.ALT_DMA_PROGRAM_s**
0.9829	0.9829	409	%struct.v4l2_subdev_pad_ops**
0.9829	0.9829	408	i32 (i8*, i8*, i64)*
0.983	0.983	407	void (i8*, i8*, i64)*
0.983	0.983	406	%struct.ccb**
0.983	0.983	405	%struct.gf_poly**
0.983	0.983	404	[10000 x %struct.anon]*
0.983	0.983	403	%struct.snd_opl3**
0.983	0.983	402	%struct.lpfc_queue**
0.983	0.983	401	i32 (i8*, i8*, i64)**
0.983	0.983	400	%struct.gk_ikv_t**
0.983	0.983	399	%struct.resource_entry**
0.983	0.983	398	%struct.knot_str_type**
0.983	0.983	397	%struct.hdpvr_device**
0.983	0.983	396	%struct.stm32**
0.983	0.983	395	%struct.tegra_slink_data**
0.983	0.983	394	%struct.ad714x_chip**
0.983	0.983	393	%struct.twofish_ctx**
0.983	0.983	392	%struct.etmv4_drvdata**
0.983	0.983	391	%struct.fpu_reg**
0.983	0.983	390	%struct.fib_alias**
0.983	0.983	389	%struct.drbd_peer_device**
0.983	0.983	388	%struct.whc_qset**
0.983	0.983	387	[1000 x i8*]*
0.983	0.983	386	%struct.bdc_ep**
0.983	0.983	385	%struct._acsm_pattern2**
0.983	0.983	384	%struct.snd_kcontrol_new**
0.983	0.983	383	%"class.tensorflow::GraphDef"**
0.983	0.983	382	%struct.rvt_mregion**
0.983	0.983	381	%struct.atyfb_par**
0.983	0.983	380	[2 x [50 x i8]]*
0.983	0.983	379	%struct.zlib_filefunc64_32_def_s**
0.983	0.983	378	%struct.zc_hashtable_entry_s**
0.983	0.983	377	%struct.avr_timer_t**
0.983	0.983	376	i64 ()*
0.983	0.983	375	%"class.re2::Prefilter"**
0.983	0.983	374	[1 x i8**]*
0.983	0.983	373	%struct.XUsbPsu**
0.983	0.983	372	%struct._menu_struct**
0.983	0.983	371	%struct.iio_info**
0.983	0.983	370	%struct.pxa_ep**
0.983	0.983	369	%struct.js_Property**
0.983	0.983	368	%struct.tegra_spi_data**
0.983	0.983	367	%struct.arena_info**
0.983	0.983	366	[3000 x [3 x double]]*
0.983	0.983	365	%struct.adapter_s**
0.983	0.983	364	void (%"class.std::__1::__function::__base.221"*)**
0.983	0.983	363	%struct.kfifo**
0.983	0.983	362	%struct.ice_ring**
0.983	0.983	361	%struct.o2hb_region**
0.983	0.983	360	%struct.ican3_dev**
0.983	0.983	359	x86_fp80**
0.983	0.983	358	[258 x i8]*
0.983	0.983	357	%struct.LodePNGColorProfile**
0.983	0.983	356	%struct.ieee802154_local**
0.983	0.983	355	%struct.kioctx**
0.983	0.983	354	%struct.hash_table**
0.983	0.983	353	%"class.tensorflow::DatasetBase"**
0.983	0.983	352	%struct.vc4_dsi**
0.983	0.983	351	%struct.akcipher_request**
0.983	0.983	350	%struct.hns_nic_priv**
0.983	0.983	349	%struct.fsi_master_gpio**
0.983	0.983	348	%T4file5GraphC**
0.983	0.983	347	%struct.usb_line6**
0.983	0.983	346	[1000 x [81 x i8]]*
0.983	0.983	345	%struct.v4l2_tuner**
0.983	0.983	344	%struct.snd_dg00x**
0.983	0.983	343	%struct.gen_pool**
0.983	0.983	342	%struct._bdf_font_struct**
0.983	0.983	341	%struct.guid_t**
0.983	0.983	340	%struct.ecryptfs_crypt_stat**
0.983	0.983	339	%struct.telnet_t**
0.983	0.983	338	%struct.map_lookup**
0.983	0.983	337	%struct.drm_minor**
0.983	0.983	336	%struct.hid_sensor_hub_device**
0.983	0.983	335	[32 x i16]***
0.9831	0.9831	334	[498 x i32]*
0.9831	0.9831	333	%struct.SyStream**
0.9831	0.9831	332	%struct.allocator**
0.9831	0.9831	331	%struct.uio_info**
0.9831	0.9831	330	%struct.btrfs_dir_item**
0.9831	0.9831	329	%struct.rds_message**
0.9831	0.9831	328	%"class.std::__1::__function::__base.171"**
0.9831	0.9831	327	%struct.virtio_vsock_pkt**
0.9831	0.9831	326	%struct.reservation_object_list**
0.9831	0.9831	325	{ double, double }**
0.9831	0.9831	324	[13 x %struct.kiss_fft_cpx]*
0.9831	0.9831	323	%struct.pcmcia_socket**
0.9831	0.9831	322	%struct.snd_pcxhr**
0.9831	0.9831	321	%struct.eb64_node**
0.9831	0.9831	320	%struct._IO_OBJECT_STATE**
0.9831	0.9831	319	%struct.cpSegmentShape**
0.9831	0.9831	318	%struct.tipc_member**
0.9831	0.9831	317	%"struct.google::protobuf::util::MessageDifferencer::SpecificField"**
0.9831	0.9831	316	%struct.elf_strtab_entry**
0.9831	0.9831	315	void (%"struct.toco::Operator"*)*
0.9831	0.9831	314	%union.xhci_trb**
0.9831	0.9831	313	%struct.r8a66597_ep**
0.9831	0.9831	312	%struct.tegra_dma_channel**
0.9831	0.9831	311	[1 x %struct.cpumask]**
0.9831	0.9831	310	%struct.yv12_buffer_config**
0.9831	0.9831	309	void (i32, i32*)**
0.9831	0.9831	308	%struct.CompileState**
0.9831	0.9831	307	[8 x i32*]*
0.9831	0.9831	306	%struct.uv_buf_t**
0.9831	0.9831	305	%struct.zatm_dev**
0.9831	0.9831	304	void (%"struct.grpc_generator::Printer"*, i8*)**
0.9831	0.9831	303	%struct.ib_device_attr**
0.9831	0.9831	302	%struct.ieee80211_ops**
0.9831	0.9831	301	%struct.ieee80211_if_mesh**
0.9831	0.9831	300	%struct.MD5Context**
0.9831	0.9831	299	%struct.nvm_tgt_dev**
0.9831	0.9831	298	%struct.snd_dma_buffer**
0.9831	0.9831	297	%struct.css_set**
0.9831	0.9831	296	%struct.drm_encoder_helper_funcs**
0.9831	0.9831	295	%struct.adt7475_data**
0.9831	0.9831	294	%struct.ip6_tnl**
0.9831	0.9831	293	%struct.typec_altmode**
0.9831	0.9831	292	%struct.JsGraphics**
0.9831	0.9831	291	%struct.ahash_req_ctx**
0.9831	0.9831	290	[4 x %struct.score]*
0.9831	0.9831	289	%struct.myencoding_result**
0.9831	0.9831	288	%struct.smc_sock**
0.9831	0.9831	287	%struct.studentInformation**
0.9831	0.9831	286	[5 x [5 x [5 x double]]]*
0.9831	0.9831	285	[96 x i8]*
0.9831	0.9831	284	%struct.yasm_arch**
0.9831	0.9831	283	%struct.memGfx**
0.9831	0.9831	282	[50001 x [2 x i32]]*
0.9831	0.9831	281	%struct.ATTR_RECORD**
0.9831	0.9831	280	%struct.ui_string_st**
0.9831	0.9831	279	%struct.nfsd4_open**
0.9831	0.9831	278	%struct.dpmatrix_s**
0.9831	0.9831	277	%struct.usbtv**
0.9831	0.9831	276	%struct.nvm_dev**
0.9831	0.9831	275	%struct.protection_domain**
0.9831	0.9831	274	%struct.mt76_wcid**
0.9831	0.9831	273	%struct.clk_init_data**
0.9831	0.9831	272	%struct.cm_req_msg**
0.9831	0.9831	271	[37 x i64]*
0.9831	0.9831	270	%struct.PgHdr**
0.9831	0.9831	269	%struct.wm8962_priv**
0.9831	0.9831	268	[27 x [27 x [27 x i32]]]*
0.9831	0.9831	267	%union.GCObject***
0.9831	0.9831	266	%struct.nodo**
0.9831	0.9831	265	%struct.sparse_matrix_t**
0.9831	0.9831	264	%struct.mtk_ddp_comp**
0.9831	0.9831	263	%struct.term**
0.9831	0.9831	262	[10 x [100000 x i8]]*
0.9831	0.9831	261	%struct.crf_context**
0.9831	0.9831	260	[50 x [3 x double]]*
0.9831	0.9831	259	%"class.tensorflow::gtl::InlinedVector"**
0.9831	0.9831	258	%struct.iw_range**
0.9831	0.9831	257	%struct.cdev**
0.9831	0.9831	256	void (%"class.std::__1::__function::__base.35"*)**
0.9831	0.9831	255	%struct.wd719x**
0.9831	0.9831	254	[1 x %struct.__va_list_tag]**
0.9831	0.9831	253	%struct.cifs_writedata**
0.9831	0.9831	252	%struct.pppox_sock**
0.9831	0.9831	251	%struct._DWHCI_ENDPOINT**
0.9831	0.9831	250	%struct.snd_ad1816a**
0.9831	0.9831	249	i32 (%struct.radeon_device*, i32)*
0.9831	0.9831	248	%struct.mlx4_vhcr**
0.9831	0.9831	247	%struct.mlx4_qp_context**
0.9831	0.9831	246	%struct.brcm_sba_command**
0.9831	0.9831	245	%struct.mv_ep**
0.9831	0.9831	244	[1000 x [16 x i32]]*
0.9831	0.9831	243	%struct.demuxer**
0.9831	0.9831	242	%struct.jas_image_cmpt_t**
0.9832	0.9832	241	%struct.bmc150_accel_data**
0.9832	0.9832	240	%struct.AltMeshDomain_t**
0.9832	0.9832	239	%struct.pvr2_stream**
0.9832	0.9832	238	%struct.shmob_drm_device**
0.9832	0.9832	237	%struct.dma_pl330_chan**
0.9832	0.9832	236	%struct.xfrm_dst**
0.9832	0.9832	235	%struct.uprobe**
0.9832	0.9832	234	%struct.gma_crtc**
0.9832	0.9832	233	%struct.chip_data**
0.9832	0.9832	232	%struct.qxl_release**
0.9832	0.9832	231	%struct.armada_regs**
0.9832	0.9832	230	[201 x [3 x i32]]*
0.9832	0.9832	229	[38 x i8]*
0.9832	0.9832	228	%struct.jpeg_decomp_master**
0.9832	0.9832	227	%struct.hideep_ts**
0.9832	0.9832	226	%struct.ALT_16550_HANDLE_s**
0.9832	0.9832	225	%struct.labpc_private**
0.9832	0.9832	224	%"struct.std::__1::__hash_node_base.164"**
0.9832	0.9832	223	%struct.drm_panel_funcs**
0.9832	0.9832	222	%struct.ip_options**
0.9832	0.9832	221	%struct.i2c_pnx_algo_data**
0.9832	0.9832	220	%struct.Match_node_struct**
0.9832	0.9832	219	%struct.efx_rx_queue**
0.9832	0.9832	218	%struct.cpDampedSpring**
0.9832	0.9832	217	%struct.yasm_symtab**
0.9832	0.9832	216	%struct.i40e_aq_desc**
0.9832	0.9832	215	%struct.bpf_prog_aux**
0.9832	0.9832	214	<2 x float> addrspace(3)*
0.9832	0.9832	213	[43 x i8]*
0.9832	0.9832	212	%struct.mvumi_hw_regs**
0.9832	0.9832	211	%struct.sctp_endpoint**
0.9832	0.9832	210	%struct.clk_onecell_data**
0.9832	0.9832	209	%struct.plist**
0.9832	0.9832	208	%struct.madera**
0.9832	0.9832	207	%struct.samsung_clk_pll**
0.9832	0.9832	206	%struct.mbedtls_sha1_context**
0.9832	0.9832	205	%struct.nlm_res**
0.9832	0.9832	204	%struct.w90p910_ether**
0.9832	0.9832	203	%struct.mtk_vpu**
0.9832	0.9832	202	%struct.siox_device**
0.9832	0.9832	201	%struct.p256_jacobian**
0.9832	0.9832	200	%struct.esas2r_sg_context**
0.9832	0.9832	199	%struct.genl_family**
0.9832	0.9832	198	%struct.ud**
0.9832	0.9832	197	%struct.tegra_pcie_port**
0.9832	0.9832	196	[27 x %struct.b]*
0.9832	0.9832	195	%struct.gru_state**
0.9832	0.9832	194	%struct.sun6i_dsi**
0.9832	0.9832	193	%struct.bna_mac**
0.9832	0.9832	192	%struct.cb710_slot**
0.9832	0.9832	191	%struct.curseg_info**
0.9832	0.9832	190	%struct.stack_st_X509_ATTRIBUTE**
0.9832	0.9832	189	void (i8*, i8)*
0.9832	0.9832	188	[10000 x %struct.qujian]*
0.9832	0.9832	187	%"class.tensorflow::FunctionLibraryRuntime"**
0.9832	0.9832	186	[6 x [8 x i8]]*
0.9832	0.9832	185	%struct.i40e_dcbx_config**
0.9832	0.9832	184	[100 x %struct.fy]*
0.9832	0.9832	183	%struct.tcp_hdr**
0.9832	0.9832	182	%struct.talitos_edesc**
0.9832	0.9832	181	%"struct.Imf::(anonymous namespace)::TileBuffer"**
0.9832	0.9832	180	%struct.uip_conn**
0.9832	0.9832	179	%struct.uv_timer_s**
0.9832	0.9832	178	void (i32*, i8**, i32)**
0.9832	0.9832	177	%struct.__db_attribute**
0.9832	0.9832	176	[50 x %struct.juli]*
0.9832	0.9832	175	%struct._trSPACE**
0.9832	0.9832	174	%struct.img_spfi**
0.9832	0.9832	173	%struct.mt9p031**
0.9832	0.9832	172	void (%"class.tensorflow::Status"*, %"class.tensorflow::IteratorStateWriter"*, i8*, i64, %"class.std::__1::basic_string"*)**
0.9832	0.9832	171	%struct.smb_rqst**
0.9832	0.9832	170	[50 x %struct.zuhe]*
0.9832	0.9832	169	%struct.tilcdc_drm_private**
0.9832	0.9832	168	%struct.s_xdfenv**
0.9832	0.9832	167	%struct.pixel**
0.9832	0.9832	166	%struct.v3d_bo**
0.9832	0.9832	165	%struct.bfa_fcs_lport_fdmi_s**
0.9832	0.9832	164	%struct.btrfs_io_ctl**
0.9832	0.9832	163	%struct.vhost_scsi_tpg**
0.9832	0.9832	162	[9 x [9 x i64]]*
0.9832	0.9832	161	%struct.f2fs_inode_info**
0.9832	0.9832	160	[505 x %struct.ma]*
0.9832	0.9832	159	%struct.ip_mc_socklist**
0.9832	0.9832	158	%struct.STUDENT**
0.9832	0.9832	157	%struct.smc_pnetentry**
0.9832	0.9832	156	[1037 x double]*
0.9832	0.9832	155	[6 x i16*]*
0.9832	0.9832	154	%struct.JsvStringIterator**
0.9832	0.9832	153	%struct.axp288_fg_info**
0.9832	0.9832	152	%struct.sge_uld_rxq_info**
0.9832	0.9832	151	%struct.nf_conntrack**
0.9832	0.9832	150	%struct.as3645a**
0.9832	0.9832	149	%struct.etnaviv_vram_mapping**
0.9832	0.9832	148	%struct.tcf_idrinfo**
0.9832	0.9832	147	%struct.psb_mmu_pd**
0.9832	0.9832	146	%struct.CuSuite**
0.9832	0.9832	145	%struct.tw9910_priv**
0.9832	0.9832	144	%"class.tensorflow::OpKernel"**
0.9832	0.9832	143	%struct.qcom_geni_serial_port**
0.9832	0.9832	142	[2 x [11 x i32]]*
0.9832	0.9832	141	%struct.rose_route**
0.9832	0.9832	140	%struct._tagT***
0.9832	0.9832	139	%struct.hyb_indiv**
0.9832	0.9832	138	%struct.entry_s**
0.9832	0.9832	137	<64 x i32>
0.9832	0.9832	136	%struct.ibox**
0.9832	0.9832	135	%struct.GeoCoord**
0.9832	0.9832	134	%struct.uniphier_aio_swmap**
0.9832	0.9832	133	%struct.caam_hash_state**
0.9832	0.9832	132	[10006 x [2 x i32]]*
0.9832	0.9832	131	%struct.SrcList**
0.9832	0.9832	130	[7 x [8 x i32]]*
0.9832	0.9832	129	%struct.rockchip_pll_rate_table**
0.9832	0.9832	128	[1000 x %struct.information]*
0.9832	0.9832	127	%struct.pdf_path_**
0.9832	0.9832	126	%struct.apr_pkt**
0.9832	0.9832	125	%struct.t_client**
0.9832	0.9832	124	[25000 x [2 x i32]]*
0.9832	0.9832	123	%struct.__drm_connnectors_state**
0.9832	0.9832	122	%struct.extent_changeset**
0.9832	0.9832	121	%struct.mxc_gpio_port**
0.9832	0.9832	120	%struct.ib_conn**
0.9832	0.9832	119	[6 x i16**]*
0.9832	0.9832	118	%struct.vmci_handle_arr**
0.9832	0.9832	117	%struct.rsxx_dma**
0.9832	0.9832	116	%struct.sbp_tport**
0.9832	0.9832	115	%struct.v4l2_framebuffer**
0.9832	0.9832	114	%struct.hmac_ctx**
0.9832	0.9832	113	%struct.md5**
0.9832	0.9832	112	%struct.hnae_desc_cb**
0.9832	0.9832	111	%struct.cipher_context_t**
0.9832	0.9832	110	%struct.Lizard_stream_s**
0.9832	0.9832	109	%"class.google::protobuf::io::CodedOutputStream"**
0.9832	0.9832	108	%struct.serio_raw**
0.9832	0.9832	107	%struct.work_queue_task**
0.9832	0.9832	106	%struct.nfs4_slot**
0.9832	0.9832	105	%struct.xtfpga_i2s**
0.9832	0.9832	104	[132 x i8]*
0.9832	0.9832	103	%struct.g2d_ctx**
0.9832	0.9832	102	%struct.mrb_parser_state**
0.9832	0.9832	101	%struct.kh_kvs_s**
0.9832	0.9832	100	%struct.s3c24xx_txd**
0.9832	0.9832	99	%struct.sun4i_codec**
0.9832	0.9832	98	%struct.block_info_dec_t**
0.9832	0.9832	97	%struct.ixgbe_ring_feature**
0.9832	0.9832	96	[3 x %struct.scatterlist]*
0.9832	0.9832	95	%struct.cros_ec_keyb**
0.9832	0.9832	94	%struct.tt_os2__table**
0.9832	0.9832	93	%struct.nl_info**
0.9832	0.9832	92	[251 x [250 x i32]]*
0.9832	0.9832	91	[3 x [11 x i32]]*
0.9832	0.9832	90	%struct.nvram_81xx**
0.9832	0.9832	89	%struct.lm355x_chip_data**
0.9832	0.9832	88	%struct.sfnt_table_directory**
0.9832	0.9832	87	%struct.tpu_pwm_device**
0.9832	0.9832	86	%struct.rproc_subdev**
0.9832	0.9832	85	%struct.pcan_usb_msg_context**
0.9832	0.9832	84	%struct.event_subsystem**
0.9832	0.9832	83	%struct.file_header**
0.9832	0.9832	82	%struct.ilk_wm_values**
0.9832	0.9832	81	[8 x [5 x i8]]*
0.9832	0.9832	80	%struct.safexcel_command_desc**
0.9832	0.9832	79	%struct.ssb_pcicore**
0.9832	0.9832	78	%struct.DAC960_SCSI_Inquiry_UnitSerialNumber**
0.9832	0.9832	77	[6 x [8 x i8**]]*
0.9832	0.9832	76	%struct.lm95241_data**
0.9832	0.9832	75	%struct.GridRec**
0.9832	0.9832	74	%struct.SHA256_CONTEXT**
0.9832	0.9832	73	%struct.delem**
0.9832	0.9832	72	%struct.BBox**
0.9832	0.9832	71	%struct.spear_kbd**
0.9832	0.9832	70	%struct.owl_dma_pchan**
0.9832	0.9832	69	%struct.sst25l_flash**
0.9833	0.9833	68	%struct.fsl_otg_timer**
0.9833	0.9833	67	%struct.atm_dev_addr**
0.9833	0.9833	66	%struct.charger_data**
0.9833	0.9833	65	%struct.s5p_jpeg_q_data**
0.9833	0.9833	64	%struct.mthca_buddy**
0.9833	0.9833	63	%struct.wav_reader**
0.9833	0.9833	62	%struct.__kbstack_t**
0.9833	0.9833	61	%struct.ncsi_cmd_arg**
0.9833	0.9833	60	[6 x %struct.ne10_fft_cpx_float32_t]*
0.9833	0.9833	59	%struct.nf_conntrack_ecache**
0.9833	0.9833	58	%struct.cc_credentials_d**
0.9833	0.9833	57	%struct.apu_s**
0.9833	0.9833	56	%struct.ipv6_ac_socklist**
0.9833	0.9833	55	%struct.netsec_desc**
0.9833	0.9833	54	%struct.sem_undo_list**
0.9833	0.9833	53	%struct.error_**
0.9833	0.9833	52	[101 x [256 x i8]]*
0.9833	0.9833	51	i8* (%"class.std::exception"*)*
0.9833	0.9833	50	[101 x [100001 x i8]]*
0.9833	0.9833	49	%struct.il_tx_queue**
0.9833	0.9833	48	%struct.multipath_bh**
0.9833	0.9833	47	void (%"class.tensorflow::RandomAccessFile"*)***
0.9833	0.9833	46	%struct.rc_scancode_filter**
0.9833	0.9833	45	%struct.omap_irq_wait**
0.9833	0.9833	44	%struct.f2fs_dentry_ptr**
0.9833	0.9833	43	%struct.ak7375_device**
0.9833	0.9833	42	%struct.tth_ctx**
0.9833	0.9833	41	%struct.stack_st_ASN1_VALUE**
0.9833	0.9833	40	%struct.devbus**
0.9833	0.9833	39	%struct.clk_si514_muldiv**
0.9833	0.9833	38	%struct.exofs_dev**
0.9833	0.9833	37	%struct.ov9640_priv**
0.9833	0.9833	36	%struct.CEC_InitTypeDef**
0.9833	0.9833	35	%struct.ALT_I2C_MASTER_CONFIG_s**
0.9833	0.9833	34	%struct.TF_Session**
0.9833	0.9833	33	%struct.smc_wr_tx_pend_priv**
0.9833	0.9833	32	%struct.mlxsw_sp_fid_core**
0.9833	0.9833	31	%T4file11ObservationC**
0.9833	0.9833	30	[40 x [2000 x i8]]*
0.9833	0.9833	29	%struct.nfs_io_completion**
0.9833	0.9833	28	%union.free_null_pointer_011_u_001**
0.9833	0.9833	27	%struct.mgmt_streamer**
0.9833	0.9833	26	[1 x %struct.sha512_ctx]*
0.9833	0.9833	25	%struct.libvlc_event_manager_t**
0.9833	0.9833	24	%"class.Eigen::TensorMap.865"**
0.9833	0.9833	23	%struct._efi_file_handle**
0.9833	0.9833	22	void (%"class.std::__1::__function::__base.22"*, %"class.std::__1::__function::__base.22"*)**
0.9833	0.9833	21	%struct.trace_event_raw_xprtrdma_frwr_done**
0.9833	0.9833	20	%struct.ncsi_aen_pkt_hdr**
0.9833	0.9833	19	%struct._strp_msg**
0.9833	0.9833	18	%T4file16PermissionResultC**
0.9833	0.9833	17	%struct._YJ_1_BLOCKHEADER**
0.9833	0.9833	16	%struct.tsl4531_data**
0.9833	0.9833	15	%struct.ecdsa_kat_vector**
0.9833	0.9833	14	i32 (i8*, %struct.dentry*)*
0.9833	0.9833	13	%struct.icp_qat_simg_ae_mode**
0.9833	0.9833	12	%struct.sdio_cmd53**
0.9833	0.9833	11	%struct.nft_tunnel**
0.9833	0.9833	10	%"class.tensorflow::RemoteRendezvous"* (%"class.tensorflow::RendezvousMgrInterface"*, i64)**
0.9833	0.9833	9	%objc_block**
0.9833	0.9833	8	[32 x %struct.usb_interface_cache*]*
0.9833	0.9833	7	%struct.Token****
0.9833	0.9833	6	[4 x i64] addrspace(1)*
0.9833	0.9833	5	void (%struct.ib_fmr_pool*, i8*)**
0.9833	0.9833	4	%struct.f2fs_xattr_header**
0.9833	0.9833	3	%struct._ATOM_HPD_INT_RECORD**
0.9833	0.9833	2	i1 (%"class.tensorflow::FileSystem"*, %"class.std::__1::vector"*, %"class.std::__1::vector.44"*)**
0.9833	0.9833	1	i32 (%struct.sqlite3_stmt*, i32)**
